"ProductCode","SelectionGroup","GrpOrder","PartNumber","Order","Active","DefaultItem","ExclusionRule","Cost","Name","Description","AdditionalData","InShortenedList"
A6,CH/A6/CONN/ORIEN,1,"1",1,True,False,"","0","Horizontal","Horizontal",,TRUE
A6,CH/A6/CONN/ORIEN,1,"2",2,True,False,"","40.8","Vertical (not Available with Regulator)","Vertical (not Available with Regulator)",,TRUE
A6,CH/A6/CONN/TYPE,2,"1",1,True,False,"NOT(CH/A6/CONN/ORIEN=1)","0","Connector for 10 mm (0.4 in.) ID Tubing","Connector for 10 mm (0.4 in.) ID Tubing",,TRUE
A6,CH/A6/CONN/TYPE,2,"2",2,True,False,"NOT(CH/A6/CONN/ORIEN=1)","0","As Regulator","As Regulator",,TRUE
A6,CH/A6/CONN/TYPE,2,"3",3,True,False,"","0","¼ in. NPT Female","¼ in. NPT Female",,TRUE
A6,CH/A6/CONN/TYPE,2,"4",4,True,False,"NOT(CH/A6/CONN/ORIEN=1)","0","G ¼ (with Horizontal Fittings) or Rc ¼ (with Vertical Fittings)","G ¼ (with Horizontal Fittings) or Rc ¼ (with Vertical Fittings)",,TRUE
A6,CH/A6/CONN/TYPE,2,"5",6,True,False,"NOT(CH/A6/CONN/ORIEN=1)","0","Connector for 6 mm (0.24 in.) ID Tubing","Connector for 6 mm (0.24 in.) ID Tubing",,TRUE
A6,CH/A6/CONN/TYPE,2,"6",7,True,False,"NOT(CH/A6/CONN/ORIEN=1)","0","Connector for 8 mm (0.3 in.) ID Tubing","Connector for 8 mm (0.3 in.) ID Tubing",,TRUE
A6,CH/A6/CONN/TYPE,2,"7",8,True,False,"NOT(CH/A6/CONN/ORIEN=1)","0","Connector for 6 mm (0.24 in.) ID Hose","Connector for 6 mm (0.24 in.) ID Hose",,TRUE
A6,CH/A6/CONN/TYPE,2,"8",9,True,False,"NOT(CH/A6/CONN/ORIEN=1)","0","Connector for 8 mm (0.3 in.) ID Hose","Connector for 8 mm (0.3 in.) ID Hose",,TRUE
A6,CH/A6/TUBE/LENGTH,3,"1",1,True,False,"","0","76 mm (3 in.)","76 mm (3 in.)",,TRUE
A6,CH/A6/TUBE/LENGTH,3,"2",2,True,False,"","50.9","127 mm (5 in.) with Standard Float Stops","127 mm (5 in.) with Standard Float Stops",,TRUE
A6,CH/A6/TUBE/LENGTH,3,"4",3,True,False,"","24.9","38 mm (1-1/2 in.)","38 mm (1-1/2 in.)",,TRUE
A6,CH/A6/TUBE/LENGTH,3,"6",4,True,False,"","50.9","127mm (5 in.) with Stainless Steel Float Stops (1/8 in. & 1/4 in. only)","127mm (5 in.) with Stainless Steel Float Stops (1/8 in. & 1/4 in. only)",,TRUE
A6,CH/A6/TUBE/DIA,4,"A",1,True,False,"(CH/A6/CONN/TYPE=2) OR (CH/A6/TUBE/LENGTH=1 OR CH/A6/TUBE/LENGTH=6)","0","1,6 mm (1/16 in.)","1,6 mm (1/16 in.)",,FALSE
A6,CH/A6/TUBE/DIA,4,"B",2,True,False,"","0","3 mm (1/8 in.)","3 mm (1/8 in.)",,TRUE
A6,CH/A6/TUBE/DIA,4,"C",3,True,False,"","0","6 mm (1/4 in.)","6 mm (1/4 in.)",,TRUE
A6,CH/A6/TUBE/COMBI,5,"00",1,True,False,"","0","No Tube and Float Fitted","No Tube and Float Fitted",,TRUE
A6,CH/A6/TUBE/COMBI,5,"A1",2,True,False,"(CH/A6/TUBE/LENGTH=1 OR CH/A6/TUBE/LENGTH=2 OR CH/A6/TUBE/LENGTH=6) OR (CH/A6/TUBE/DIA=B OR CH/A6/TUBE/DIA=C)","0","FP - 1/16 - 08 - P - 1.5/19 + BG - 16 (Not with alarms)","FP - 1/16 - 08 - P - 1.5/19 + BG - 16 (Not with alarms)",,TRUE
A6,CH/A6/TUBE/COMBI,5,"A2",3,True,False,"(CH/A6/TUBE/LENGTH=1 OR CH/A6/TUBE/LENGTH=2 OR CH/A6/TUBE/LENGTH=6) OR (CH/A6/TUBE/DIA=B OR CH/A6/TUBE/DIA=C)","0","FP - 1/16 - 08 - P - 1.5/19 + SA - 16 (Not with alarms)","FP - 1/16 - 08 - P - 1.5/19 + SA - 16 (Not with alarms)",,TRUE
A6,CH/A6/TUBE/COMBI,5,"A3",4,True,False,"(CH/A6/TUBE/LENGTH=1 OR CH/A6/TUBE/LENGTH=2 OR CH/A6/TUBE/LENGTH=6) OR (CH/A6/TUBE/DIA=B OR CH/A6/TUBE/DIA=C)","0","FP - 1/16 - 08 - P - 1.5/19 + SS - 16 (Not with alarms)","FP - 1/16 - 08 - P - 1.5/19 + SS - 16 (Not with alarms)",,TRUE
A6,CH/A6/TUBE/COMBI,5,"B6",5,True,False,"(CH/A6/TUBE/LENGTH=1 OR CH/A6/TUBE/LENGTH=4 OR CH/A6/TUBE/LENGTH=6) OR (CH/A6/TUBE/DIA=B OR CH/A6/TUBE/DIA=C)","0","FP - 1/16 - 12 - G - 5/81 + BG - 16 (Not with alarms)","FP - 1/16 - 12 - G - 5/81 + BG - 16 (Not with alarms)",,TRUE
A6,CH/A6/TUBE/COMBI,5,"B7",6,True,False,"(CH/A6/TUBE/LENGTH=1 OR CH/A6/TUBE/LENGTH=4 OR CH/A6/TUBE/LENGTH=6) OR (CH/A6/TUBE/DIA=B OR CH/A6/TUBE/DIA=C)","0","FP - 1/16 - 12 - G - 5/81 + CA - 16 (Not with alarms)","FP - 1/16 - 12 - G - 5/81 + CA - 16 (Not with alarms)",,TRUE
A6,CH/A6/TUBE/COMBI,5,"B8",7,True,False,"(CH/A6/TUBE/LENGTH=1 OR CH/A6/TUBE/LENGTH=4 OR CH/A6/TUBE/LENGTH=6) OR (CH/A6/TUBE/DIA=B OR CH/A6/TUBE/DIA=C)","0","FP - 1/16 - 12 - G - 5/81 + SA - 16 (Not with alarms)","FP - 1/16 - 12 - G - 5/81 + SA - 16 (Not with alarms)",,TRUE
A6,CH/A6/TUBE/COMBI,5,"B9",8,True,False,"(CH/A6/TUBE/LENGTH=1 OR CH/A6/TUBE/LENGTH=4 OR CH/A6/TUBE/LENGTH=6) OR (CH/A6/TUBE/DIA=B OR CH/A6/TUBE/DIA=C)","0","FP - 1/16 - 12 - G - 5/81 + SS - 16 (Not with alarms)","FP - 1/16 - 12 - G - 5/81 + SS - 16 (Not with alarms)",,TRUE
A6,CH/A6/TUBE/COMBI,5,"C0",9,True,False,"(CH/A6/TUBE/LENGTH=1 OR CH/A6/TUBE/LENGTH=4 OR CH/A6/TUBE/LENGTH=6) OR (CH/A6/TUBE/DIA=B OR CH/A6/TUBE/DIA=C)","10.2","FP - 1/16 - 12 - G - 5/81 + TA - 16 (Not with alarms)","FP - 1/16 - 12 - G - 5/81 + TA - 16 (Not with alarms)",,TRUE
A6,CH/A6/TUBE/COMBI,5,"C1",10,True,False,"(CH/A6/TUBE/LENGTH=1 OR CH/A6/TUBE/LENGTH=4 OR CH/A6/TUBE/LENGTH=6) OR (CH/A6/TUBE/DIA=B OR CH/A6/TUBE/DIA=C)","0","FP - 1/16 - 16 - G - 5/81 + BG - 16 (Not with alarms)","FP - 1/16 - 16 - G - 5/81 + BG - 16 (Not with alarms)",,TRUE
A6,CH/A6/TUBE/COMBI,5,"C2",11,True,False,"(CH/A6/TUBE/LENGTH=1 OR CH/A6/TUBE/LENGTH=4 OR CH/A6/TUBE/LENGTH=6) OR (CH/A6/TUBE/DIA=B OR CH/A6/TUBE/DIA=C)","0","FP - 1/16 - 16 - G - 5/81 + CA - 16 (Not with alarms)","FP - 1/16 - 16 - G - 5/81 + CA - 16 (Not with alarms)",,TRUE
A6,CH/A6/TUBE/COMBI,5,"C3",12,True,False,"(CH/A6/TUBE/LENGTH=1 OR CH/A6/TUBE/LENGTH=4 OR CH/A6/TUBE/LENGTH=6) OR (CH/A6/TUBE/DIA=B OR CH/A6/TUBE/DIA=C)","0","FP - 1/16 - 16 - G - 5/81 + SA - 16 (Not with alarms)","FP - 1/16 - 16 - G - 5/81 + SA - 16 (Not with alarms)",,TRUE
A6,CH/A6/TUBE/COMBI,5,"C4",13,True,False,"(CH/A6/TUBE/LENGTH=1 OR CH/A6/TUBE/LENGTH=4 OR CH/A6/TUBE/LENGTH=6) OR (CH/A6/TUBE/DIA=B OR CH/A6/TUBE/DIA=C)","0","FP - 1/16 - 16 - G - 5/81 + SS - 16 (Not with alarms)","FP - 1/16 - 16 - G - 5/81 + SS - 16 (Not with alarms)",,TRUE
A6,CH/A6/TUBE/COMBI,5,"C5",14,True,False,"(CH/A6/TUBE/LENGTH=1 OR CH/A6/TUBE/LENGTH=4 OR CH/A6/TUBE/LENGTH=6) OR (CH/A6/TUBE/DIA=B OR CH/A6/TUBE/DIA=C)","10.2","FP - 1/16 - 16 - G - 5/81 + TA - 16 (Not with alarms)","FP - 1/16 - 16 - G - 5/81 + TA - 16 (Not with alarms)",,TRUE
A6,CH/A6/TUBE/COMBI,5,"C6",15,True,False,"(CH/A6/TUBE/LENGTH=1 OR CH/A6/TUBE/LENGTH=4 OR CH/A6/TUBE/LENGTH=6) OR (CH/A6/TUBE/DIA=B OR CH/A6/TUBE/DIA=C)","0","FP - 1/16 - 20 - G - 5/81 + BG - 16 (Not with alarms)","FP - 1/16 - 20 - G - 5/81 + BG - 16 (Not with alarms)",,TRUE
A6,CH/A6/TUBE/COMBI,5,"C7",16,True,False,"(CH/A6/TUBE/LENGTH=1 OR CH/A6/TUBE/LENGTH=4 OR CH/A6/TUBE/LENGTH=6) OR (CH/A6/TUBE/DIA=B OR CH/A6/TUBE/DIA=C)","0","FP - 1/16 - 20 - G - 5/81 + CA - 16 (Not with alarms)","FP - 1/16 - 20 - G - 5/81 + CA - 16 (Not with alarms)",,TRUE
A6,CH/A6/TUBE/COMBI,5,"C8",17,True,False,"(CH/A6/TUBE/LENGTH=1 OR CH/A6/TUBE/LENGTH=4 OR CH/A6/TUBE/LENGTH=6) OR (CH/A6/TUBE/DIA=B OR CH/A6/TUBE/DIA=C)","0","FP - 1/16 - 20 - G - 5/81 + SA - 16 (Not with alarms)","FP - 1/16 - 20 - G - 5/81 + SA - 16 (Not with alarms)",,TRUE
A6,CH/A6/TUBE/COMBI,5,"C9",18,True,False,"(CH/A6/TUBE/LENGTH=1 OR CH/A6/TUBE/LENGTH=4 OR CH/A6/TUBE/LENGTH=6) OR (CH/A6/TUBE/DIA=B OR CH/A6/TUBE/DIA=C)","0","FP - 1/16 - 20 - G - 5/81 + SS - 16 (Not with alarms)","FP - 1/16 - 20 - G - 5/81 + SS - 16 (Not with alarms)",,TRUE
A6,CH/A6/TUBE/COMBI,5,"D0",19,True,False,"(CH/A6/TUBE/LENGTH=1 OR CH/A6/TUBE/LENGTH=4 OR CH/A6/TUBE/LENGTH=6) OR (CH/A6/TUBE/DIA=B OR CH/A6/TUBE/DIA=C)","10.2","FP - 1/16 - 20 - G - 5/81 + TA - 16 (Not with alarms)","FP - 1/16 - 20 - G - 5/81 + TA - 16 (Not with alarms)",,TRUE
A6,CH/A6/TUBE/COMBI,5,"E1",23,True,False,"(CH/A6/TUBE/LENGTH=1 OR CH/A6/TUBE/LENGTH=2 OR CH/A6/TUBE/LENGTH=6) OR (CH/A6/TUBE/DIA=A OR CH/A6/TUBE/DIA=C)","0","FP - 1/8 - 21 - P - 1.5/19 + BG - 18 (Not with alarms)","FP - 1/8 - 21 - P - 1.5/19 + BG - 18 (Not with alarms)",,TRUE
A6,CH/A6/TUBE/COMBI,5,"E2",24,True,False,"(CH/A6/TUBE/LENGTH=1 OR CH/A6/TUBE/LENGTH=2 OR CH/A6/TUBE/LENGTH=6) OR (CH/A6/TUBE/DIA=A OR CH/A6/TUBE/DIA=C)","0","FP - 1/8 - 21 - P - 1.5/19 + CA - 18","FP - 1/8 - 21 - P - 1.5/19 + CA - 18",,TRUE
A6,CH/A6/TUBE/COMBI,5,"E3",25,True,False,"(CH/A6/TUBE/LENGTH=1 OR CH/A6/TUBE/LENGTH=2 OR CH/A6/TUBE/LENGTH=6) OR (CH/A6/TUBE/DIA=A OR CH/A6/TUBE/DIA=C)","0","FP - 1/8 - 21 - P - 1.5/19 + SA - 18 (Not with alarms)","FP - 1/8 - 21 - P - 1.5/19 + SA - 18 (Not with alarms)",,TRUE
A6,CH/A6/TUBE/COMBI,5,"E4",26,True,False,"(CH/A6/TUBE/LENGTH=1 OR CH/A6/TUBE/LENGTH=2 OR CH/A6/TUBE/LENGTH=6) OR (CH/A6/TUBE/DIA=A OR CH/A6/TUBE/DIA=C)","0","FP - 1/8 - 21 - P - 1.5/19 + SS - 18","FP - 1/8 - 21 - P - 1.5/19 + SS - 18",,TRUE
A6,CH/A6/TUBE/COMBI,5,"F1",27,True,False,"(CH/A6/TUBE/LENGTH=2 OR CH/A6/TUBE/LENGTH=4 OR CH/A6/TUBE/LENGTH=6) OR (CH/A6/TUBE/DIA=A OR CH/A6/TUBE/DIA=C)","0","FP - 1/8 - 08 - P - 3/37 + BG - 18 (Not with alarms)","FP - 1/8 - 08 - P - 3/37 + BG - 18 (Not with alarms)",,TRUE
A6,CH/A6/TUBE/COMBI,5,"F2",28,True,False,"(CH/A6/TUBE/LENGTH=2 OR CH/A6/TUBE/LENGTH=4 OR CH/A6/TUBE/LENGTH=6) OR (CH/A6/TUBE/DIA=A OR CH/A6/TUBE/DIA=C)","0","FP - 1/8 - 08 - P - 3/37 + CA - 18","FP - 1/8 - 08 - P - 3/37 + CA - 18",,TRUE
A6,CH/A6/TUBE/COMBI,5,"F5",29,True,False,"(CH/A6/TUBE/LENGTH=2 OR CH/A6/TUBE/LENGTH=4 OR CH/A6/TUBE/LENGTH=6) OR (CH/A6/TUBE/DIA=A OR CH/A6/TUBE/DIA=C)","0","FP - 1/8 - 08 - P - 3/37 + SA - 18 (Not with alarms)","FP - 1/8 - 08 - P - 3/37 + SA - 18 (Not with alarms)",,TRUE
A6,CH/A6/TUBE/COMBI,5,"F6",30,True,False,"(CH/A6/TUBE/LENGTH=2 OR CH/A6/TUBE/LENGTH=4 OR CH/A6/TUBE/LENGTH=6) OR (CH/A6/TUBE/DIA=A OR CH/A6/TUBE/DIA=C)","0","FP - 1/8 - 08 - P - 3/37 + SS - 18","FP - 1/8 - 08 - P - 3/37 + SS - 18",,TRUE
A6,CH/A6/TUBE/COMBI,5,"F7",31,True,False,"(CH/A6/TUBE/LENGTH=2 OR CH/A6/TUBE/LENGTH=4 OR CH/A6/TUBE/LENGTH=6) OR (CH/A6/TUBE/DIA=A OR CH/A6/TUBE/DIA=C)","34.9","FP - 1/8 - 08 - P - 3/37 + TA - 18 (Not with alarms)","FP - 1/8 - 08 - P - 3/37 + TA - 18 (Not with alarms)",,TRUE
A6,CH/A6/TUBE/COMBI,5,"F8",32,True,False,"(CH/A6/TUBE/LENGTH=2 OR CH/A6/TUBE/LENGTH=4 OR CH/A6/TUBE/LENGTH=6) OR (CH/A6/TUBE/DIA=A OR CH/A6/TUBE/DIA=C)","0","FP - 1/8 - 20 - P - 3/37 + BG - 18 (Not with alarms)","FP - 1/8 - 20 - P - 3/37 + BG - 18 (Not with alarms)",,TRUE
A6,CH/A6/TUBE/COMBI,5,"F9",33,True,False,"(CH/A6/TUBE/LENGTH=2 OR CH/A6/TUBE/LENGTH=4 OR CH/A6/TUBE/LENGTH=6) OR (CH/A6/TUBE/DIA=A OR CH/A6/TUBE/DIA=C)","0","FP - 1/8 - 20 - P - 3/37 + CA - 18","FP - 1/8 - 20 - P - 3/37 + CA - 18",,TRUE
A6,CH/A6/TUBE/COMBI,5,"G1",34,True,False,"(CH/A6/TUBE/LENGTH=2 OR CH/A6/TUBE/LENGTH=4 OR CH/A6/TUBE/LENGTH=6) OR (CH/A6/TUBE/DIA=A OR CH/A6/TUBE/DIA=C)","0","FP - 1/8 - 20 - P - 3/37 + SA - 18 (Not with alarms)","FP - 1/8 - 20 - P - 3/37 + SA - 18 (Not with alarms)",,TRUE
A6,CH/A6/TUBE/COMBI,5,"G2",35,True,False,"(CH/A6/TUBE/LENGTH=2 OR CH/A6/TUBE/LENGTH=4 OR CH/A6/TUBE/LENGTH=6) OR (CH/A6/TUBE/DIA=A OR CH/A6/TUBE/DIA=C)","0","FP - 1/8 - 20 - P - 3/37 + SS - 18","FP - 1/8 - 20 - P - 3/37 + SS - 18",,TRUE
A6,CH/A6/TUBE/COMBI,5,"H1",36,True,False,"(CH/A6/TUBE/LENGTH=2 OR CH/A6/TUBE/LENGTH=4 OR CH/A6/TUBE/LENGTH=6) OR (CH/A6/TUBE/DIA=A OR CH/A6/TUBE/DIA=C)","34.9","FP - 1/8 - 20 - P - 3/37 + TA - 18 (Not with alarms)","FP - 1/8 - 20 - P - 3/37 + TA - 18 (Not with alarms)",,TRUE
A6,CH/A6/TUBE/COMBI,5,"H2",37,True,False,"(CH/A6/TUBE/LENGTH=1 OR CH/A6/TUBE/LENGTH=4) OR (CH/A6/TUBE/DIA=A OR CH/A6/TUBE/DIA=C)","0","FP - 1/8 - 08 - G - 5/81 + BG - 18 (Not with alarms)","FP - 1/8 - 08 - G - 5/81 + BG - 18 (Not with alarms)",,TRUE
A6,CH/A6/TUBE/COMBI,5,"H3",38,True,False,"(CH/A6/TUBE/LENGTH=1 OR CH/A6/TUBE/LENGTH=4) OR (CH/A6/TUBE/DIA=A OR CH/A6/TUBE/DIA=C)","0","FP - 1/8 - 08 - G - 5/81 + CA - 18","FP - 1/8 - 08 - G - 5/81 + CA - 18",,TRUE
A6,CH/A6/TUBE/COMBI,5,"H4",39,True,False,"(CH/A6/TUBE/LENGTH=1 OR CH/A6/TUBE/LENGTH=4) OR (CH/A6/TUBE/DIA=A OR CH/A6/TUBE/DIA=C)","0","FP - 1/8 - 08 - G - 5/81 + SA - 18 (Not with alarms)","FP - 1/8 - 08 - G - 5/81 + SA - 18 (Not with alarms)",,TRUE
A6,CH/A6/TUBE/COMBI,5,"H5",40,True,False,"(CH/A6/TUBE/LENGTH=1 OR CH/A6/TUBE/LENGTH=4) OR (CH/A6/TUBE/DIA=A OR CH/A6/TUBE/DIA=C)","0","FP - 1/8 - 08 - G - 5/81 + SS - 18","FP - 1/8 - 08 - G - 5/81 + SS - 18",,TRUE
A6,CH/A6/TUBE/COMBI,5,"H6",41,True,False,"(CH/A6/TUBE/LENGTH=1 OR CH/A6/TUBE/LENGTH=4) OR (CH/A6/TUBE/DIA=A OR CH/A6/TUBE/DIA=C)","34.9","FP - 1/8 - 08 - G - 5/81 + TA - 18 (Not with alarms)","FP - 1/8 - 08 - G - 5/81 + TA - 18 (Not with alarms)",,TRUE
A6,CH/A6/TUBE/COMBI,5,"H7",42,True,False,"(CH/A6/TUBE/LENGTH=1 OR CH/A6/TUBE/LENGTH=4) OR (CH/A6/TUBE/DIA=A OR CH/A6/TUBE/DIA=C)","0","FP - 1/8 - 12 - G - 5/81 + BG - 18 (Not with alarms)","FP - 1/8 - 12 - G - 5/81 + BG - 18 (Not with alarms)",,TRUE
A6,CH/A6/TUBE/COMBI,5,"H8",43,True,False,"(CH/A6/TUBE/LENGTH=1 OR CH/A6/TUBE/LENGTH=4) OR (CH/A6/TUBE/DIA=A OR CH/A6/TUBE/DIA=C)","0","FP - 1/8 - 12 - G - 5/81 + CA - 18","FP - 1/8 - 12 - G - 5/81 + CA - 18",,TRUE
A6,CH/A6/TUBE/COMBI,5,"H9",44,True,False,"(CH/A6/TUBE/LENGTH=1 OR CH/A6/TUBE/LENGTH=4) OR (CH/A6/TUBE/DIA=A OR CH/A6/TUBE/DIA=C)","0","FP - 1/8 - 12 - G - 5/81 + SA - 18 (Not with alarms)","FP - 1/8 - 12 - G - 5/81 + SA - 18 (Not with alarms)",,TRUE
A6,CH/A6/TUBE/COMBI,5,"J0",45,True,False,"(CH/A6/TUBE/LENGTH=1 OR CH/A6/TUBE/LENGTH=4) OR (CH/A6/TUBE/DIA=A OR CH/A6/TUBE/DIA=C)","0","FP - 1/8 - 12 - G - 5/81 + SS - 18","FP - 1/8 - 12 - G - 5/81 + SS - 18",,TRUE
A6,CH/A6/TUBE/COMBI,5,"J1",46,True,False,"(CH/A6/TUBE/LENGTH=1 OR CH/A6/TUBE/LENGTH=4) OR (CH/A6/TUBE/DIA=A OR CH/A6/TUBE/DIA=C)","34.9","FP - 1/8 - 12 - G - 5/81 + TA - 18 (Not with alarms)","FP - 1/8 - 12 - G - 5/81 + TA - 18 (Not with alarms)",,TRUE
A6,CH/A6/TUBE/COMBI,5,"J2",47,True,False,"(CH/A6/TUBE/LENGTH=1 OR CH/A6/TUBE/LENGTH=4) OR (CH/A6/TUBE/DIA=A OR CH/A6/TUBE/DIA=C)","0","FP - 1/8 - 16 - G - 5/81 + BG - 18 (Not with alarms)","FP - 1/8 - 16 - G - 5/81 + BG - 18 (Not with alarms)",,TRUE
A6,CH/A6/TUBE/COMBI,5,"J3",48,True,False,"(CH/A6/TUBE/LENGTH=1 OR CH/A6/TUBE/LENGTH=4) OR (CH/A6/TUBE/DIA=A OR CH/A6/TUBE/DIA=C)","0","FP - 1/8 - 16 - G - 5/81 + CA - 18","FP - 1/8 - 16 - G - 5/81 + CA - 18",,TRUE
A6,CH/A6/TUBE/COMBI,5,"J4",49,True,False,"(CH/A6/TUBE/LENGTH=1 OR CH/A6/TUBE/LENGTH=4) OR (CH/A6/TUBE/DIA=A OR CH/A6/TUBE/DIA=C)","0","FP - 1/8 - 16 - G - 5/81 + SA - 18 (Not with alarms)","FP - 1/8 - 16 - G - 5/81 + SA - 18 (Not with alarms)",,TRUE
A6,CH/A6/TUBE/COMBI,5,"J5",50,True,False,"(CH/A6/TUBE/LENGTH=1 OR CH/A6/TUBE/LENGTH=4) OR (CH/A6/TUBE/DIA=A OR CH/A6/TUBE/DIA=C)","0","FP - 1/8 - 16 - G - 5/81 + SS - 18","FP - 1/8 - 16 - G - 5/81 + SS - 18",,TRUE
A6,CH/A6/TUBE/COMBI,5,"J6",51,True,False,"(CH/A6/TUBE/LENGTH=1 OR CH/A6/TUBE/LENGTH=4) OR (CH/A6/TUBE/DIA=A OR CH/A6/TUBE/DIA=C)","34.9","FP - 1/8 - 16 - G - 5/81 + TA - 18 (Not with alarms)","FP - 1/8 - 16 - G - 5/81 + TA - 18 (Not with alarms)",,TRUE
A6,CH/A6/TUBE/COMBI,5,"J7",52,True,False,"(CH/A6/TUBE/LENGTH=1 OR CH/A6/TUBE/LENGTH=4) OR (CH/A6/TUBE/DIA=A OR CH/A6/TUBE/DIA=C)","0","FP - 1/8 - 20 - G - 5/81 + BG - 18 (Not with alarms)","FP - 1/8 - 20 - G - 5/81 + BG - 18 (Not with alarms)",,TRUE
A6,CH/A6/TUBE/COMBI,5,"J8",53,True,False,"(CH/A6/TUBE/LENGTH=1 OR CH/A6/TUBE/LENGTH=4) OR (CH/A6/TUBE/DIA=A OR CH/A6/TUBE/DIA=C)","0","FP - 1/8 - 20 - G - 5/81 + CA - 18","FP - 1/8 - 20 - G - 5/81 + CA - 18",,TRUE
A6,CH/A6/TUBE/COMBI,5,"J9",54,True,False,"(CH/A6/TUBE/LENGTH=1 OR CH/A6/TUBE/LENGTH=4) OR (CH/A6/TUBE/DIA=A OR CH/A6/TUBE/DIA=C)","0","FP - 1/8 - 20 - G - 5/81 + SA - 18 (Not with alarms)","FP - 1/8 - 20 - G - 5/81 + SA - 18 (Not with alarms)",,TRUE
A6,CH/A6/TUBE/COMBI,5,"K0",55,True,False,"(CH/A6/TUBE/LENGTH=1 OR CH/A6/TUBE/LENGTH=4) OR (CH/A6/TUBE/DIA=A OR CH/A6/TUBE/DIA=C)","0","FP - 1/8 - 20 - G - 5/81 + SS - 18","FP - 1/8 - 20 - G - 5/81 + SS - 18",,TRUE
A6,CH/A6/TUBE/COMBI,5,"K1",56,True,False,"(CH/A6/TUBE/LENGTH=1 OR CH/A6/TUBE/LENGTH=4) OR (CH/A6/TUBE/DIA=A OR CH/A6/TUBE/DIA=C)","34.9","FP - 1/8 - 20 - G - 5/81 + TA - 18 (Not with alarms)","FP - 1/8 - 20 - G - 5/81 + TA - 18 (Not with alarms)",,TRUE
A6,CH/A6/TUBE/COMBI,5,"K2",57,True,False,"(CH/A6/TUBE/LENGTH=1 OR CH/A6/TUBE/LENGTH=4) OR (CH/A6/TUBE/DIA=A OR CH/A6/TUBE/DIA=C)","0","FP - 1/8 - 25 - G - 5/81 + BG - 18 (Not with alarms)","FP - 1/8 - 25 - G - 5/81 + BG - 18 (Not with alarms)",,TRUE
A6,CH/A6/TUBE/COMBI,5,"K3",58,True,False,"(CH/A6/TUBE/LENGTH=1 OR CH/A6/TUBE/LENGTH=4) OR (CH/A6/TUBE/DIA=A OR CH/A6/TUBE/DIA=C)","0","FP - 1/8 - 25 - G - 5/81 + CA - 18","FP - 1/8 - 25 - G - 5/81 + CA - 18",,TRUE
A6,CH/A6/TUBE/COMBI,5,"K4",59,True,False,"(CH/A6/TUBE/LENGTH=1 OR CH/A6/TUBE/LENGTH=4) OR (CH/A6/TUBE/DIA=A OR CH/A6/TUBE/DIA=C)","0","FP - 1/8 - 25 - G - 5/81 + SA - 18 (Not with alarms)","FP - 1/8 - 25 - G - 5/81 + SA - 18 (Not with alarms)",,TRUE
A6,CH/A6/TUBE/COMBI,5,"K5",60,True,False,"(CH/A6/TUBE/LENGTH=1 OR CH/A6/TUBE/LENGTH=4) OR (CH/A6/TUBE/DIA=A OR CH/A6/TUBE/DIA=C)","0","FP - 1/8 - 25 - G - 5/81 + SS - 18","FP - 1/8 - 25 - G - 5/81 + SS - 18",,TRUE
A6,CH/A6/TUBE/COMBI,5,"L1",61,True,False,"(CH/A6/TUBE/LENGTH=1 OR CH/A6/TUBE/LENGTH=4) OR (CH/A6/TUBE/DIA=A OR CH/A6/TUBE/DIA=C)","34.9","FP - 1/8 - 25 - G - 5/81 + TA - 18 (Not with alarms)","FP - 1/8 - 25 - G - 5/81 + TA - 18 (Not with alarms)",,TRUE
A6,CH/A6/TUBE/COMBI,5,"L2",62,True,False,"(CH/A6/TUBE/LENGTH=1 OR CH/A6/TUBE/LENGTH=2 OR CH/A6/TUBE/LENGTH=6) OR (CH/A6/TUBE/DIA=A OR CH/A6/TUBE/DIA=B)","0","FP - 1/4 - 28 - P - 1.5/19 + SA - 14 (Not with alarms)","FP - 1/4 - 28 - P - 1.5/19 + SA - 14 (Not with alarms)",,TRUE
A6,CH/A6/TUBE/COMBI,5,"L3",63,True,False,"(CH/A6/TUBE/LENGTH=1 OR CH/A6/TUBE/LENGTH=2 OR CH/A6/TUBE/LENGTH=6) OR (CH/A6/TUBE/DIA=A OR CH/A6/TUBE/DIA=B)","0","FP - 1/4 - 28 - P - 1.5/19 + SS - 14","FP - 1/4 - 28 - P - 1.5/19 + SS - 14",,TRUE
A6,CH/A6/TUBE/COMBI,5,"L4",64,True,False,"(CH/A6/TUBE/LENGTH=1 OR CH/A6/TUBE/LENGTH=2 OR CH/A6/TUBE/LENGTH=6) OR (CH/A6/TUBE/DIA=A OR CH/A6/TUBE/DIA=B)","0","FP - 1/4 - 41 - P - 1.5/19 + CA - 14","FP - 1/4 - 41 - P - 1.5/19 + CA - 14",,TRUE
A6,CH/A6/TUBE/COMBI,5,"M1",65,True,False,"(CH/A6/TUBE/LENGTH=1 OR CH/A6/TUBE/LENGTH=2 OR CH/A6/TUBE/LENGTH=6) OR (CH/A6/TUBE/DIA=A OR CH/A6/TUBE/DIA=B)","0","FP - 1/4 - 41 - P - 1.5/19 + SS - 14","FP - 1/4 - 41 - P - 1.5/19 + SS - 14",,TRUE
A6,CH/A6/TUBE/COMBI,5,"M2",66,True,False,"(CH/A6/TUBE/LENGTH=2 OR CH/A6/TUBE/LENGTH=4 OR CH/A6/TUBE/LENGTH=6) OR (CH/A6/TUBE/DIA=A OR CH/A6/TUBE/DIA=B)","0","FP - 1/4 - 15 - P - 3/37 + BG - 14 (Not with alarms)","FP - 1/4 - 15 - P - 3/37 + BG - 14 (Not with alarms)",,TRUE
A6,CH/A6/TUBE/COMBI,5,"M3",67,True,False,"(CH/A6/TUBE/LENGTH=2 OR CH/A6/TUBE/LENGTH=4 OR CH/A6/TUBE/LENGTH=6) OR (CH/A6/TUBE/DIA=A OR CH/A6/TUBE/DIA=B)","0","FP - 1/4 - 15 - P - 3/37 + CA - 14","FP - 1/4 - 15 - P - 3/37 + CA - 14",,TRUE
A6,CH/A6/TUBE/COMBI,5,"N0",68,True,False,"(CH/A6/TUBE/LENGTH=2 OR CH/A6/TUBE/LENGTH=4 OR CH/A6/TUBE/LENGTH=6) OR (CH/A6/TUBE/DIA=A OR CH/A6/TUBE/DIA=B)","0","FP - 1/4 - 15 - P - 3/37 + CD - 14 (Not with alarms)","FP - 1/4 - 15 - P - 3/37 + CD - 14 (Not with alarms)",,TRUE
A6,CH/A6/TUBE/COMBI,5,"N3",69,True,False,"(CH/A6/TUBE/LENGTH=2 OR CH/A6/TUBE/LENGTH=4 OR CH/A6/TUBE/LENGTH=6) OR (CH/A6/TUBE/DIA=A OR CH/A6/TUBE/DIA=B)","0","FP - 1/4 - 15 - P - 3/37 + SA - 14 (Not with alarms)","FP - 1/4 - 15 - P - 3/37 + SA - 14 (Not with alarms)",,TRUE
A6,CH/A6/TUBE/COMBI,5,"N6",70,True,False,"(CH/A6/TUBE/LENGTH=2 OR CH/A6/TUBE/LENGTH=4 OR CH/A6/TUBE/LENGTH=6) OR (CH/A6/TUBE/DIA=A OR CH/A6/TUBE/DIA=B)","0","FP - 1/4 - 15 - P - 3/37 + SS - 14","FP - 1/4 - 15 - P - 3/37 + SS - 14",,TRUE
A6,CH/A6/TUBE/COMBI,5,"N7",71,True,False,"(CH/A6/TUBE/LENGTH=2 OR CH/A6/TUBE/LENGTH=4 OR CH/A6/TUBE/LENGTH=6) OR (CH/A6/TUBE/DIA=A OR CH/A6/TUBE/DIA=B)","34.9","FP - 1/4 - 15 - P - 3/37 + TA - 14 (Not with alarms)","FP - 1/4 - 15 - P - 3/37 + TA - 14 (Not with alarms)",,TRUE
A6,CH/A6/TUBE/COMBI,5,"N4",72,True,False,"(CH/A6/TUBE/LENGTH=2 OR CH/A6/TUBE/LENGTH=4 OR CH/A6/TUBE/LENGTH=6) OR (CH/A6/TUBE/DIA=A OR CH/A6/TUBE/DIA=B)","0","FP - 1/4 - 20 - P - 3/37 + BG - 14 (Not with alarms)","FP - 1/4 - 20 - P - 3/37 + BG - 14 (Not with alarms)",,TRUE
A6,CH/A6/TUBE/COMBI,5,"N1",73,True,False,"(CH/A6/TUBE/LENGTH=2 OR CH/A6/TUBE/LENGTH=4 OR CH/A6/TUBE/LENGTH=6) OR (CH/A6/TUBE/DIA=A OR CH/A6/TUBE/DIA=B)","0","FP - 1/4 - 20 - P - 3/37 + CA - 14","FP - 1/4 - 20 - P - 3/37 + CA - 14",,TRUE
A6,CH/A6/TUBE/COMBI,5,"M4",74,True,False,"(CH/A6/TUBE/LENGTH=2 OR CH/A6/TUBE/LENGTH=4 OR CH/A6/TUBE/LENGTH=6) OR (CH/A6/TUBE/DIA=A OR CH/A6/TUBE/DIA=B)","0","FP - 1/4 - 20 - P - 3/37 + CD - 14 (Not with alarms)","FP - 1/4 - 20 - P - 3/37 + CD - 14 (Not with alarms)",,TRUE
A6,CH/A6/TUBE/COMBI,5,"M5",75,True,False,"(CH/A6/TUBE/LENGTH=2 OR CH/A6/TUBE/LENGTH=4 OR CH/A6/TUBE/LENGTH=6) OR (CH/A6/TUBE/DIA=A OR CH/A6/TUBE/DIA=B)","0","FP - 1/4 - 20 - P - 3/37 + SA - 14 (Not with alarms)","FP - 1/4 - 20 - P - 3/37 + SA - 14 (Not with alarms)",,TRUE
A6,CH/A6/TUBE/COMBI,5,"M6",76,True,False,"(CH/A6/TUBE/LENGTH=2 OR CH/A6/TUBE/LENGTH=4 OR CH/A6/TUBE/LENGTH=6) OR (CH/A6/TUBE/DIA=A OR CH/A6/TUBE/DIA=B)","0","FP - 1/4 - 20 - P - 3/37 + SS - 14","FP - 1/4 - 20 - P - 3/37 + SS - 14",,TRUE
A6,CH/A6/TUBE/COMBI,5,"M7",77,True,False,"(CH/A6/TUBE/LENGTH=2 OR CH/A6/TUBE/LENGTH=4 OR CH/A6/TUBE/LENGTH=6) OR (CH/A6/TUBE/DIA=A OR CH/A6/TUBE/DIA=B)","34.9","FP - 1/4 - 20 - P - 3/37 + TA - 14 (Not with alarms)","FP - 1/4 - 20 - P - 3/37 + TA - 14 (Not with alarms)",,TRUE
A6,CH/A6/TUBE/COMBI,5,"M8",78,True,False,"(CH/A6/TUBE/LENGTH=2 OR CH/A6/TUBE/LENGTH=4 OR CH/A6/TUBE/LENGTH=6) OR (CH/A6/TUBE/DIA=A OR CH/A6/TUBE/DIA=B)","0","FP - 1/4 - 41 - G - 3/37 + BG - 14 (Not with alarms)","FP - 1/4 - 41 - G - 3/37 + BG - 14 (Not with alarms)",,TRUE
A6,CH/A6/TUBE/COMBI,5,"M9",79,True,False,"(CH/A6/TUBE/LENGTH=2 OR CH/A6/TUBE/LENGTH=4 OR CH/A6/TUBE/LENGTH=6) OR (CH/A6/TUBE/DIA=A OR CH/A6/TUBE/DIA=B)","0","FP - 1/4 - 41 - G - 3/37 + CA - 14","FP - 1/4 - 41 - G - 3/37 + CA - 14",,TRUE
A6,CH/A6/TUBE/COMBI,5,"N2",80,True,False,"(CH/A6/TUBE/LENGTH=2 OR CH/A6/TUBE/LENGTH=4 OR CH/A6/TUBE/LENGTH=6) OR (CH/A6/TUBE/DIA=A OR CH/A6/TUBE/DIA=B)","0","FP - 1/4 - 41 - G - 3/37 + CD - 14 (Not with alarms)","FP - 1/4 - 41 - G - 3/37 + CD - 14 (Not with alarms)",,TRUE
A6,CH/A6/TUBE/COMBI,5,"N5",81,True,False,"(CH/A6/TUBE/LENGTH=2 OR CH/A6/TUBE/LENGTH=4 OR CH/A6/TUBE/LENGTH=6) OR (CH/A6/TUBE/DIA=A OR CH/A6/TUBE/DIA=B)","0","FP - 1/4 - 41 - G - 3/37 + SA - 14 (Not with alarms)","FP - 1/4 - 41 - G - 3/37 + SA - 14 (Not with alarms)",,TRUE
A6,CH/A6/TUBE/COMBI,5,"N8",82,True,False,"(CH/A6/TUBE/LENGTH=2 OR CH/A6/TUBE/LENGTH=4 OR CH/A6/TUBE/LENGTH=6) OR (CH/A6/TUBE/DIA=A OR CH/A6/TUBE/DIA=B)","0","FP - 1/4 - 41 - G - 3/37 + SS - 14","FP - 1/4 - 41 - G - 3/37 + SS - 14",,TRUE
A6,CH/A6/TUBE/COMBI,5,"N9",83,True,False,"(CH/A6/CONN/TYPE=2) OR (CH/A6/TUBE/LENGTH=2 OR CH/A6/TUBE/LENGTH=4 OR CH/A6/TUBE/LENGTH=6) OR (CH/A6/TUBE/DIA=A OR CH/A6/TUBE/DIA=B)","34.9","FP - 1/4 - 41 - G - 3/37 + TA - 14 (Not with alarms)","FP - 1/4 - 41 - G - 3/37 + TA - 14 (Not with alarms)",,TRUE
A6,CH/A6/TUBE/COMBI,5,"P0",84,True,False,"(CH/A6/TUBE/LENGTH=2 OR CH/A6/TUBE/LENGTH=4 OR CH/A6/TUBE/LENGTH=6) OR (CH/A6/TUBE/DIA=A OR CH/A6/TUBE/DIA=B)","0","FP - 1/4 - 41 - P - 3/37 + BG - 14 (Not with alarms)","FP - 1/4 - 41 - P - 3/37 + BG - 14 (Not with alarms)",,TRUE
A6,CH/A6/TUBE/COMBI,5,"P1",85,True,False,"(CH/A6/TUBE/LENGTH=2 OR CH/A6/TUBE/LENGTH=4 OR CH/A6/TUBE/LENGTH=6) OR (CH/A6/TUBE/DIA=A OR CH/A6/TUBE/DIA=B)","0","FP - 1/4 - 41 - P - 3/37 + CA - 14","FP - 1/4 - 41 - P - 3/37 + CA - 14",,TRUE
A6,CH/A6/TUBE/COMBI,5,"P2",86,True,False,"(CH/A6/TUBE/LENGTH=2 OR CH/A6/TUBE/LENGTH=4 OR CH/A6/TUBE/LENGTH=6) OR (CH/A6/TUBE/DIA=A OR CH/A6/TUBE/DIA=B)","0","FP - 1/4 - 41 - P - 3/37 + CD - 14 (Not with alarms)","FP - 1/4 - 41 - P - 3/37 + CD - 14 (Not with alarms)",,TRUE
A6,CH/A6/TUBE/COMBI,5,"P3",87,True,False,"(CH/A6/TUBE/LENGTH=2 OR CH/A6/TUBE/LENGTH=4 OR CH/A6/TUBE/LENGTH=6) OR (CH/A6/TUBE/DIA=A OR CH/A6/TUBE/DIA=B)","0","FP - 1/4 - 41 - P - 3/37 + SA - 14 (Not with alarms)","FP - 1/4 - 41 - P - 3/37 + SA - 14 (Not with alarms)",,TRUE
A6,CH/A6/TUBE/COMBI,5,"P4",88,True,False,"(CH/A6/TUBE/LENGTH=2 OR CH/A6/TUBE/LENGTH=4 OR CH/A6/TUBE/LENGTH=6) OR (CH/A6/TUBE/DIA=A OR CH/A6/TUBE/DIA=B)","0","FP - 1/4 - 41 - P - 3/37 + SS - 14","FP - 1/4 - 41 - P - 3/37 + SS - 14",,TRUE
A6,CH/A6/TUBE/COMBI,5,"R1",89,True,False,"(CH/A6/CONN/TYPE=2) OR (CH/A6/TUBE/LENGTH=2 OR CH/A6/TUBE/LENGTH=4 OR CH/A6/TUBE/LENGTH=6) OR (CH/A6/TUBE/DIA=A OR CH/A6/TUBE/DIA=B)","34.9","FP - 1/4 - 41 - P - 3/37 + TA - 14 (Not with alarms)","FP - 1/4 - 41 - P - 3/37 + TA - 14 (Not with alarms)",,TRUE
A6,CH/A6/TUBE/COMBI,5,"R2",90,True,False,"(CH/A6/TUBE/LENGTH=1 OR CH/A6/TUBE/LENGTH=4) OR (CH/A6/TUBE/DIA=A OR CH/A6/TUBE/DIA=B)","0","FP - 1/4 - 10 - G - 5/81 + BG - 14 (Not with alarms)","FP - 1/4 - 10 - G - 5/81 + BG - 14 (Not with alarms)",,TRUE
A6,CH/A6/TUBE/COMBI,5,"R3",91,True,False,"(CH/A6/TUBE/LENGTH=1 OR CH/A6/TUBE/LENGTH=4) OR (CH/A6/TUBE/DIA=A OR CH/A6/TUBE/DIA=B)","0","FP - 1/4 - 10 - G - 5/81 + CA - 14","FP - 1/4 - 10 - G - 5/81 + CA - 14",,TRUE
A6,CH/A6/TUBE/COMBI,5,"R4",92,True,False,"(CH/A6/TUBE/LENGTH=1 OR CH/A6/TUBE/LENGTH=4) OR (CH/A6/TUBE/DIA=A OR CH/A6/TUBE/DIA=B)","0","FP - 1/4 - 10 - G - 5/81 + CD - 14 (Not with alarms)","FP - 1/4 - 10 - G - 5/81 + CD - 14 (Not with alarms)",,TRUE
A6,CH/A6/TUBE/COMBI,5,"R5",93,True,False,"(CH/A6/TUBE/LENGTH=1 OR CH/A6/TUBE/LENGTH=4) OR (CH/A6/TUBE/DIA=A OR CH/A6/TUBE/DIA=B)","0","FP - 1/4 - 10 - G - 5/81 + SA - 14 (Not with alarms)","FP - 1/4 - 10 - G - 5/81 + SA - 14 (Not with alarms)",,TRUE
A6,CH/A6/TUBE/COMBI,5,"R6",94,True,False,"(CH/A6/TUBE/LENGTH=1 OR CH/A6/TUBE/LENGTH=4) OR (CH/A6/TUBE/DIA=A OR CH/A6/TUBE/DIA=B)","0","FP - 1/4 - 10 - G - 5/81 + SS - 14","FP - 1/4 - 10 - G - 5/81 + SS - 14",,TRUE
A6,CH/A6/TUBE/COMBI,5,"R7",95,True,False,"(CH/A6/TUBE/LENGTH=1 OR CH/A6/TUBE/LENGTH=4) OR (CH/A6/TUBE/DIA=A OR CH/A6/TUBE/DIA=B)","34.9","FP - 1/4 - 10 - G - 5/81 + TA - 14 (Not with alarms)","FP - 1/4 - 10 - G - 5/81 + TA - 14 (Not with alarms)",,TRUE
A6,CH/A6/TUBE/COMBI,5,"R8",96,True,False,"(CH/A6/TUBE/LENGTH=1 OR CH/A6/TUBE/LENGTH=4) OR (CH/A6/TUBE/DIA=A OR CH/A6/TUBE/DIA=B)","0","FP - 1/4 - 16 - G - 5/81 + BG - 14 (Not with alarms)","FP - 1/4 - 16 - G - 5/81 + BG - 14 (Not with alarms)",,TRUE
A6,CH/A6/TUBE/COMBI,5,"R9",97,True,False,"(CH/A6/TUBE/LENGTH=1 OR CH/A6/TUBE/LENGTH=4) OR (CH/A6/TUBE/DIA=A OR CH/A6/TUBE/DIA=B)","0","FP - 1/4 - 16 - G - 5/81 + CA - 14","FP - 1/4 - 16 - G - 5/81 + CA - 14",,TRUE
A6,CH/A6/TUBE/COMBI,5,"S0",98,True,False,"(CH/A6/TUBE/LENGTH=1 OR CH/A6/TUBE/LENGTH=4) OR (CH/A6/TUBE/DIA=A OR CH/A6/TUBE/DIA=B)","0","FP - 1/4 - 16 - G - 5/81 + CD - 14 (Not with alarms)","FP - 1/4 - 16 - G - 5/81 + CD - 14 (Not with alarms)",,TRUE
A6,CH/A6/TUBE/COMBI,5,"S1",99,True,False,"(CH/A6/TUBE/LENGTH=1 OR CH/A6/TUBE/LENGTH=4) OR (CH/A6/TUBE/DIA=A OR CH/A6/TUBE/DIA=B)","0","FP - 1/4 - 16 - G - 5/81 + SA - 14 (Not with alarms)","FP - 1/4 - 16 - G - 5/81 + SA - 14 (Not with alarms)",,TRUE
A6,CH/A6/TUBE/COMBI,5,"S2",100,True,False,"(CH/A6/TUBE/LENGTH=1 OR CH/A6/TUBE/LENGTH=4) OR (CH/A6/TUBE/DIA=A OR CH/A6/TUBE/DIA=B)","0","FP - 1/4 - 16 - G - 5/81 + SS - 14","FP - 1/4 - 16 - G - 5/81 + SS - 14",,TRUE
A6,CH/A6/TUBE/COMBI,5,"S3",101,True,False,"(CH/A6/TUBE/LENGTH=1 OR CH/A6/TUBE/LENGTH=4) OR (CH/A6/TUBE/DIA=A OR CH/A6/TUBE/DIA=B)","34.9","FP - 1/4 - 16 - G - 5/81 + TA - 14 (Not with alarms)","FP - 1/4 - 16 - G - 5/81 + TA - 14 (Not with alarms)",,TRUE
A6,CH/A6/TUBE/COMBI,5,"S4",102,True,False,"(CH/A6/TUBE/LENGTH=1 OR CH/A6/TUBE/LENGTH=4) OR (CH/A6/TUBE/DIA=A OR CH/A6/TUBE/DIA=B)","0","FP - 1/4 - 20 - G - 5/81 + BG - 14 (Not with alarms)","FP - 1/4 - 20 - G - 5/81 + BG - 14 (Not with alarms)",,TRUE
A6,CH/A6/TUBE/COMBI,5,"S5",103,True,False,"(CH/A6/TUBE/LENGTH=1 OR CH/A6/TUBE/LENGTH=4) OR (CH/A6/TUBE/DIA=A OR CH/A6/TUBE/DIA=B)","0","FP - 1/4 - 20 - G - 5/81 + CA - 14","FP - 1/4 - 20 - G - 5/81 + CA - 14",,TRUE
A6,CH/A6/TUBE/COMBI,5,"S6",104,True,False,"(CH/A6/TUBE/LENGTH=1 OR CH/A6/TUBE/LENGTH=4) OR (CH/A6/TUBE/DIA=A OR CH/A6/TUBE/DIA=B)","0","FP - 1/4 - 20 - G - 5/81 + CD - 14 (Not with alarms)","FP - 1/4 - 20 - G - 5/81 + CD - 14 (Not with alarms)",,TRUE
A6,CH/A6/TUBE/COMBI,5,"S7",105,True,False,"(CH/A6/TUBE/LENGTH=1 OR CH/A6/TUBE/LENGTH=4) OR (CH/A6/TUBE/DIA=A OR CH/A6/TUBE/DIA=B)","0","FP - 1/4 - 20 - G - 5/81 + SA - 14 (Not with alarms)","FP - 1/4 - 20 - G - 5/81 + SA - 14 (Not with alarms)",,TRUE
A6,CH/A6/TUBE/COMBI,5,"S8",106,True,False,"(CH/A6/TUBE/LENGTH=1 OR CH/A6/TUBE/LENGTH=4) OR (CH/A6/TUBE/DIA=A OR CH/A6/TUBE/DIA=B)","0","FP - 1/4 - 20 - G - 5/81 + SS - 14","FP - 1/4 - 20 - G - 5/81 + SS - 14",,TRUE
A6,CH/A6/TUBE/COMBI,5,"S9",107,True,False,"(CH/A6/TUBE/LENGTH=1 OR CH/A6/TUBE/LENGTH=4) OR (CH/A6/TUBE/DIA=A OR CH/A6/TUBE/DIA=B)","34.9","FP - 1/4 - 20 - G - 5/81 + TA - 14 (Not with alarms)","FP - 1/4 - 20 - G - 5/81 + TA - 14 (Not with alarms)",,TRUE
A6,CH/A6/TUBE/COMBI,5,"T0",108,True,False,"(CH/A6/TUBE/LENGTH=1 OR CH/A6/TUBE/LENGTH=4) OR (CH/A6/TUBE/DIA=A OR CH/A6/TUBE/DIA=B)","0","FP - 1/4 - 25 - G - 5/81 + BG - 14 (Not with alarms)","FP - 1/4 - 25 - G - 5/81 + BG - 14 (Not with alarms)",,TRUE
A6,CH/A6/TUBE/COMBI,5,"T1",109,True,False,"(CH/A6/TUBE/LENGTH=1 OR CH/A6/TUBE/LENGTH=4) OR (CH/A6/TUBE/DIA=A OR CH/A6/TUBE/DIA=B)","0","FP - 1/4 - 25 - G - 5/81 + CA - 14","FP - 1/4 - 25 - G - 5/81 + CA - 14",,TRUE
A6,CH/A6/TUBE/COMBI,5,"T2",110,True,False,"(CH/A6/TUBE/LENGTH=1 OR CH/A6/TUBE/LENGTH=4) OR (CH/A6/TUBE/DIA=A OR CH/A6/TUBE/DIA=B)","0","FP - 1/4 - 25 - G - 5/81 + CD - 14 (Not with alarms)","FP - 1/4 - 25 - G - 5/81 + CD - 14 (Not with alarms)",,TRUE
A6,CH/A6/TUBE/COMBI,5,"T3",111,True,False,"(CH/A6/TUBE/LENGTH=1 OR CH/A6/TUBE/LENGTH=4) OR (CH/A6/TUBE/DIA=A OR CH/A6/TUBE/DIA=B)","0","FP - 1/4 - 25 - G - 5/81 + SA - 14 (Not with alarms)","FP - 1/4 - 25 - G - 5/81 + SA - 14 (Not with alarms)",,TRUE
A6,CH/A6/TUBE/COMBI,5,"T4",112,True,False,"(CH/A6/TUBE/LENGTH=1 OR CH/A6/TUBE/LENGTH=4) OR (CH/A6/TUBE/DIA=A OR CH/A6/TUBE/DIA=B)","0","FP - 1/4 - 25 - G - 5/81 + SS - 14","FP - 1/4 - 25 - G - 5/81 + SS - 14",,TRUE
A6,CH/A6/TUBE/COMBI,5,"T5",113,True,False,"(CH/A6/CONN/TYPE=2) OR (CH/A6/TUBE/LENGTH=1 OR CH/A6/TUBE/LENGTH=4) OR (CH/A6/TUBE/DIA=A OR CH/A6/TUBE/DIA=B)","34.9","FP - 1/4 - 25 - G - 5/81 + TA - 14 (Not with alarms)","FP - 1/4 - 25 - G - 5/81 + TA - 14 (Not with alarms)",,TRUE
A6,CH/A6/TUBE/COMBI,5,"T6",114,True,False,"(CH/A6/TUBE/LENGTH=1 OR CH/A6/TUBE/LENGTH=4) OR (CH/A6/TUBE/DIA=A OR CH/A6/TUBE/DIA=B)","0","FP - 1/4 - 40 - G - 6/81 + BG - 14 (Not with alarms)","FP - 1/4 - 40 - G - 6/81 + BG - 14 (Not with alarms)",,TRUE
A6,CH/A6/TUBE/COMBI,5,"T7",115,True,False,"(CH/A6/CONN/TYPE=2) OR (CH/A6/TUBE/LENGTH=1 OR CH/A6/TUBE/LENGTH=4) OR (CH/A6/TUBE/DIA=A OR CH/A6/TUBE/DIA=B)","0","FP - 1/4 - 40 - G - 6/81 + CA - 14","FP - 1/4 - 40 - G - 6/81 + CA - 14",,TRUE
A6,CH/A6/TUBE/COMBI,5,"T8",116,True,False,"(CH/A6/TUBE/LENGTH=1 OR CH/A6/TUBE/LENGTH=4) OR (CH/A6/TUBE/DIA=A OR CH/A6/TUBE/DIA=B)","0","FP - 1/4 - 40 - G - 6/81 + CD - 14 (Not with alarms)","FP - 1/4 - 40 - G - 6/81 + CD - 14 (Not with alarms)",,TRUE
A6,CH/A6/TUBE/COMBI,5,"T9",117,True,False,"(CH/A6/TUBE/LENGTH=1 OR CH/A6/TUBE/LENGTH=4) OR (CH/A6/TUBE/DIA=A OR CH/A6/TUBE/DIA=B)","0","FP - 1/4 - 40 - G - 6/81 + SA - 14 (Not with alarms)","FP - 1/4 - 40 - G - 6/81 + SA - 14 (Not with alarms)",,TRUE
A6,CH/A6/TUBE/COMBI,5,"V0",118,True,False,"(CH/A6/TUBE/LENGTH=1 OR CH/A6/TUBE/LENGTH=4) OR (CH/A6/TUBE/DIA=A OR CH/A6/TUBE/DIA=B)","0","FP - 1/4 - 40 - G - 6/81 + SS - 14","FP - 1/4 - 40 - G - 6/81 + SS - 14",,TRUE
A6,CH/A6/TUBE/COMBI,5,"W1",119,True,False,"(CH/A6/CONN/TYPE=2) OR (CH/A6/TUBE/LENGTH=1 OR CH/A6/TUBE/LENGTH=4) OR (CH/A6/TUBE/DIA=A OR CH/A6/TUBE/DIA=B)","34.9","FP - 1/4 - 40 - G - 6/81 + TA - 14 (Not with alarms)","FP - 1/4 - 40 - G - 6/81 + TA - 14 (Not with alarms)",,TRUE
A6,CH/A6/SCALE,6,"0",1,True,False,"","0","Without","Without",,TRUE
A6,CH/A6/SCALE,6,"1",2,True,False,"CH/A6/TUBE/COMBI=00","0","Direct Reading, all Tube Types","Direct Reading, all Tube Types",,TRUE
A6,CH/A6/SCALE,6,"2",3,True,False,"(CH/A6/TUBE/LENGTH=1 OR CH/A6/TUBE/LENGTH=4) AND (CH/A6/TUBE/COMBI=00 OR CH/A6/TUBE/COMBI=A1 OR CH/A6/TUBE/COMBI=A2 OR CH/A6/TUBE/COMBI=A3 OR CH/A6/TUBE/COMBI=E1 OR CH/A6/TUBE/COMBI=E2 OR CH/A6/TUBE/COMBI=E3 OR CH/A6/TUBE/COMBI=E4 OR CH/A6/TUBE/COMBI=F1 OR CH/A6/TUBE/COMBI=F2 OR CH/A6/TUBE/COMBI=F5 OR CH/A6/TUBE/COMBI=F6 OR CH/A6/TUBE/COMBI=F7 OR CH/A6/TUBE/COMBI=F8 OR CH/A6/TUBE/COMBI=F9 OR CH/A6/TUBE/COMBI=G1 OR CH/A6/TUBE/COMBI=G2 OR CH/A6/TUBE/COMBI=H1 OR CH/A6/TUBE/COMBI=L2 OR CH/A6/TUBE/COMBI=L3 OR CH/A6/TUBE/COMBI=L4 OR CH/A6/TUBE/COMBI=M1 OR CH/A6/TUBE/COMBI=M2 OR CH/A6/TUBE/COMBI=M3 OR CH/A6/TUBE/COMBI=N0 OR CH/A6/TUBE/COMBI=N3 OR CH/A6/TUBE/COMBI=N6 OR CH/A6/TUBE/COMBI=N7 OR CH/A6/TUBE/COMBI=N4 OR CH/A6/TUBE/COMBI=N1 OR CH/A6/TUBE/COMBI=M4 OR CH/A6/TUBE/COMBI=M5 OR CH/A6/TUBE/COMBI=M6 OR CH/A6/TUBE/COMBI=M7 OR CH/A6/TUBE/COMBI=M8 OR CH/A6/TUBE/COMBI=M9 OR CH/A6/TUBE/COMBI=N2 OR CH/A6/TUBE/COMBI=N5 OR CH/A6/TUBE/COMBI=N8 OR CH/A6/TUBE/COMBI=N9 OR CH/A6/TUBE/COMBI=P0 OR CH/A6/TUBE/COMBI=P1 OR CH/A6/TUBE/COMBI=P2 OR CH/A6/TUBE/COMBI=P3 OR CH/A6/TUBE/COMBI=P4 OR CH/A6/TUBE/COMBI=R1 OR CH/A6/TUBE/COMBI=T6 OR CH/A6/TUBE/COMBI=T7 OR CH/A6/TUBE/COMBI=T8 OR CH/A6/TUBE/COMBI=T9 OR CH/A6/TUBE/COMBI=V0 OR CH/A6/TUBE/COMBI=W1)","0","Dt/Df Ratio (5 in. Tubes only)","Dt/Df Ratio (5 in. Tubes only)",,TRUE
A6,CH/A6/SCALE,6,"3",4,True,False,"CH/A6/TUBE/COMBI=00","0","Percentage","Percentage",,TRUE
A6,CH/A6/SCALE,6,"4",5,True,False,"NOT(CH/A6/TUBE/COMBI=F6 OR CH/A6/TUBE/COMBI=M4 OR CH/A6/TUBE/COMBI=N4)","0","Direct Reading (using specific standard scales only ; 3 in. tubes only)","Direct Reading (using specific standard scales only ; 3 in. tubes only)",,TRUE
A6,CH/A6/SCALE,6,"5",6,True,False,"CH/A6/TUBE/COMBI=00","200","Flow-Calibrated using air or water as appropriate","Flow-Calibrated using air or water as appropriate",,TRUE
A6,CH/A6/MATERIALS,7,"A",1,True,False,"CH/A6/CONN/TYPE=1","0","Brass / Viton","Brass / Viton",,TRUE
A6,CH/A6/MATERIALS,7,"B",2,True,False,"CH/A6/CONN/TYPE=1","0","Brass / Buna","Brass / Buna",,TRUE
A6,CH/A6/MATERIALS,7,"C",3,True,False,"CH/A6/CONN/TYPE=1","0","Brass / EPR","Brass / EPR",,TRUE
A6,CH/A6/MATERIALS,7,"D",4,True,False,"CH/A6/CONN/TYPE=1 OR CH/A6/CONN/TYPE=2","0","Brass / Kalrez","Brass / Kalrez",,TRUE
A6,CH/A6/MATERIALS,7,"I",5,True,False,"","0","Stainless Steel / Viton","Stainless Steel / Viton",,TRUE
A6,CH/A6/MATERIALS,7,"J",6,True,False,"","0","Stainless Steel / Buna","Stainless Steel / Buna",,TRUE
A6,CH/A6/MATERIALS,7,"K",7,True,False,"","0","Stainless Steel / EPR","Stainless Steel / EPR",,TRUE
A6,CH/A6/MATERIALS,7,"L",8,True,False,"CH/A6/CONN/TYPE=2","0","Stainless Steel / Kalrez","Stainless Steel / Kalrez",,TRUE
A6,CH/A6/MATERIALS,7,"Z",9,True,False,"","999999","Special","Special",,TRUE
A6,CH/A6/VALVE,8,"A",1,True,False,"CH/A6/CONN/TYPE=2","0","Without any Valve","Without any Valve",,TRUE
A6,CH/A6/VALVE,8,"C",2,True,False,"CH/A6/TUBE/COMBI=00 OR CH/A6/TUBE/COMBI=B6 OR CH/A6/TUBE/COMBI=B7 OR CH/A6/TUBE/COMBI=B8 OR CH/A6/TUBE/COMBI=B9 OR CH/A6/TUBE/COMBI=C0 OR CH/A6/TUBE/COMBI=C1 OR CH/A6/TUBE/COMBI=C2 OR CH/A6/TUBE/COMBI=C3 OR CH/A6/TUBE/COMBI=C4 OR CH/A6/TUBE/COMBI=C5 OR CH/A6/TUBE/COMBI=C6 OR CH/A6/TUBE/COMBI=C8 OR CH/A6/TUBE/COMBI=C9 OR CH/A6/TUBE/COMBI=A1 OR CH/A6/TUBE/COMBI=A2 OR CH/A6/TUBE/COMBI=A3 OR CH/A6/TUBE/COMBI=E1 OR CH/A6/TUBE/COMBI=E2 OR CH/A6/TUBE/COMBI=E3 OR CH/A6/TUBE/COMBI=E4 OR CH/A6/TUBE/COMBI=F1 OR CH/A6/TUBE/COMBI=F5 OR CH/A6/TUBE/COMBI=H2","11.2","Valve at Outlet, Low Capacity (Size 1.2)","Valve at Outlet, Low Capacity (Size 1.2)",,TRUE
A6,CH/A6/VALVE,8,"M",3,True,False,"NOT(CH/A6/TUBE/COMBI=00 OR CH/A6/TUBE/COMBI=C7 OR CH/A6/TUBE/COMBI=D0 OR CH/A6/TUBE/COMBI=H1 OR CH/A6/TUBE/COMBI=H3 OR CH/A6/TUBE/COMBI=H4 OR CH/A6/TUBE/COMBI=H5 OR CH/A6/TUBE/COMBI=H6 OR CH/A6/TUBE/COMBI=H7 OR CH/A6/TUBE/COMBI=H8 OR CH/A6/TUBE/COMBI=H9 OR CH/A6/TUBE/COMBI=J0 OR CH/A6/TUBE/COMBI=J1 OR CH/A6/TUBE/COMBI=J2 OR CH/A6/TUBE/COMBI=J3 OR CH/A6/TUBE/COMBI=J4 OR CH/A6/TUBE/COMBI=J5 OR CH/A6/TUBE/COMBI=J6 OR CH/A6/TUBE/COMBI=J7 OR CH/A6/TUBE/COMBI=J8 OR CH/A6/TUBE/COMBI=J9 OR CH/A6/TUBE/COMBI=K0 OR CH/A6/TUBE/COMBI=K1 OR CH/A6/TUBE/COMBI=K2 OR CH/A6/TUBE/COMBI=K3 OR CH/A6/TUBE/COMBI=K4 OR CH/A6/TUBE/COMBI=K5 OR CH/A6/TUBE/COMBI=R1 OR CH/A6/TUBE/COMBI=R2 OR CH/A6/TUBE/COMBI=R3 OR CH/A6/TUBE/COMBI=R4 OR CH/A6/TUBE/COMBI=R5 OR CH/A6/TUBE/COMBI=R6 OR CH/A6/TUBE/COMBI=R7 OR CH/A6/TUBE/COMBI=R8 OR CH/A6/TUBE/COMBI=R9 OR CH/A6/TUBE/COMBI=S0 OR CH/A6/TUBE/COMBI=S1 OR CH/A6/TUBE/COMBI=S2 OR CH/A6/TUBE/COMBI=S3 OR CH/A6/TUBE/COMBI=S4 OR CH/A6/TUBE/COMBI=S7 OR CH/A6/TUBE/COMBI=S8 OR CH/A6/TUBE/COMBI=L1 OR CH/A6/TUBE/COMBI=L2 OR CH/A6/TUBE/COMBI=L3 OR CH/A6/TUBE/COMBI=L4 OR CH/A6/TUBE/COMBI=F2 OR CH/A6/TUBE/COMBI=G1 OR CH/A6/TUBE/COMBI=F6 OR CH/A6/TUBE/COMBI=F7 OR CH/A6/TUBE/COMBI=F8 OR CH/A6/TUBE/COMBI=F9 OR CH/A6/TUBE/COMBI=G2 OR CH/A6/TUBE/COMBI=M1 OR CH/A6/TUBE/COMBI=N0 OR CH/A6/TUBE/COMBI=M2 OR CH/A6/TUBE/COMBI=M3 OR CH/A6/TUBE/COMBI=M4 OR CH/A6/TUBE/COMBI=N2 OR CH/A6/TUBE/COMBI=N3 OR CH/A6/TUBE/COMBI=N4 OR CH/A6/TUBE/COMBI=N6 OR CH/A6/TUBE/COMBI=N7 OR CH/A6/TUBE/COMBI=M5 OR CH/A6/TUBE/COMBI=M6 OR CH/A6/TUBE/COMBI=M8 OR CH/A6/TUBE/COMBI=P0 OR CH/A6/TUBE/COMBI=P2 OR CH/A6/TUBE/COMBI=S6 OR CH/A6/TUBE/COMBI=T0 OR CH/A6/TUBE/COMBI=T2 OR CH/A6/TUBE/COMBI=T3 OR CH/A6/TUBE/COMBI=T6 OR CH/A6/TUBE/COMBI=T8 OR CH/A6/TUBE/COMBI=T9)","11.2","Valve at Outlet, Med Capacity (Size 2.2)","Valve at Outlet, Med Capacity (Size 2.2)",,TRUE
A6,CH/A6/VALVE,8,"E",4,True,False,"NOT(CH/A6/TUBE/COMBI=00 OR CH/A6/TUBE/COMBI=S5 OR CH/A6/TUBE/COMBI=S9 OR CH/A6/TUBE/COMBI=T1 OR CH/A6/TUBE/COMBI=T4 OR CH/A6/TUBE/COMBI=T5 OR CH/A6/TUBE/COMBI=T7 OR CH/A6/TUBE/COMBI=V0 OR CH/A6/TUBE/COMBI=N1 OR CH/A6/TUBE/COMBI=N5 OR CH/A6/TUBE/COMBI=N8 OR CH/A6/TUBE/COMBI=M7 OR CH/A6/TUBE/COMBI=M9 OR CH/A6/TUBE/COMBI=N9 OR CH/A6/TUBE/COMBI=P1 OR CH/A6/TUBE/COMBI=P3 OR CH/A6/TUBE/COMBI=P4 OR CH/A6/TUBE/COMBI=R1 OR CH/A6/TUBE/COMBI=W1)","11.2","Valve at Outlet, High Capacity (Size 3.2)","Valve at Outlet, High Capacity (Size 3.2)",,TRUE
A6,CH/A6/VALVE,8,"D",5,True,False,"CH/A6/TUBE/COMBI=00 OR CH/A6/TUBE/COMBI=B6 OR CH/A6/TUBE/COMBI=B7 OR CH/A6/TUBE/COMBI=B8 OR CH/A6/TUBE/COMBI=B9 OR CH/A6/TUBE/COMBI=C0 OR CH/A6/TUBE/COMBI=C1 OR CH/A6/TUBE/COMBI=C2 OR CH/A6/TUBE/COMBI=C3 OR CH/A6/TUBE/COMBI=C4 OR CH/A6/TUBE/COMBI=C5 OR CH/A6/TUBE/COMBI=C6 OR CH/A6/TUBE/COMBI=C8 OR CH/A6/TUBE/COMBI=C9 OR CH/A6/TUBE/COMBI=A1 OR CH/A6/TUBE/COMBI=A2 OR CH/A6/TUBE/COMBI=A3 OR CH/A6/TUBE/COMBI=E1 OR CH/A6/TUBE/COMBI=E2 OR CH/A6/TUBE/COMBI=E3 OR CH/A6/TUBE/COMBI=E4 OR CH/A6/TUBE/COMBI=F1 OR CH/A6/TUBE/COMBI=F5 OR CH/A6/TUBE/COMBI=H2","11.2","Valve at Inlet, Low Capacity (Size 1.2)","Valve at Inlet, Low Capacity (Size 1.2)",,TRUE
A6,CH/A6/VALVE,8,"N",6,True,False,"NOT(CH/A6/TUBE/COMBI=00 OR CH/A6/TUBE/COMBI=C7 OR CH/A6/TUBE/COMBI=D0 OR CH/A6/TUBE/COMBI=H1 OR CH/A6/TUBE/COMBI=H3 OR CH/A6/TUBE/COMBI=H4 OR CH/A6/TUBE/COMBI=H5 OR CH/A6/TUBE/COMBI=H6 OR CH/A6/TUBE/COMBI=H7 OR CH/A6/TUBE/COMBI=H8 OR CH/A6/TUBE/COMBI=H9 OR CH/A6/TUBE/COMBI=J0 OR CH/A6/TUBE/COMBI=J1 OR CH/A6/TUBE/COMBI=J2 OR CH/A6/TUBE/COMBI=J3 OR CH/A6/TUBE/COMBI=J4 OR CH/A6/TUBE/COMBI=J5 OR CH/A6/TUBE/COMBI=J6 OR CH/A6/TUBE/COMBI=J7 OR CH/A6/TUBE/COMBI=J8 OR CH/A6/TUBE/COMBI=J9 OR CH/A6/TUBE/COMBI=K0 OR CH/A6/TUBE/COMBI=K1 OR CH/A6/TUBE/COMBI=K2 OR CH/A6/TUBE/COMBI=K3 OR CH/A6/TUBE/COMBI=K4 OR CH/A6/TUBE/COMBI=K5 OR CH/A6/TUBE/COMBI=R1 OR CH/A6/TUBE/COMBI=R2 OR CH/A6/TUBE/COMBI=R3 OR CH/A6/TUBE/COMBI=R4 OR CH/A6/TUBE/COMBI=R5 OR CH/A6/TUBE/COMBI=R6 OR CH/A6/TUBE/COMBI=R7 OR CH/A6/TUBE/COMBI=R8 OR CH/A6/TUBE/COMBI=R9 OR CH/A6/TUBE/COMBI=S0 OR CH/A6/TUBE/COMBI=S1 OR CH/A6/TUBE/COMBI=S2 OR CH/A6/TUBE/COMBI=S3 OR CH/A6/TUBE/COMBI=S4 OR CH/A6/TUBE/COMBI=S7 OR CH/A6/TUBE/COMBI=S8 OR CH/A6/TUBE/COMBI=L1 OR CH/A6/TUBE/COMBI=L2 OR CH/A6/TUBE/COMBI=L3 OR CH/A6/TUBE/COMBI=L4 OR CH/A6/TUBE/COMBI=F2 OR CH/A6/TUBE/COMBI=G1 OR CH/A6/TUBE/COMBI=F6 OR CH/A6/TUBE/COMBI=F7 OR CH/A6/TUBE/COMBI=F8 OR CH/A6/TUBE/COMBI=F9 OR CH/A6/TUBE/COMBI=G2 OR CH/A6/TUBE/COMBI=M1 OR CH/A6/TUBE/COMBI=N0 OR CH/A6/TUBE/COMBI=M2 OR CH/A6/TUBE/COMBI=M3 OR CH/A6/TUBE/COMBI=M4 OR CH/A6/TUBE/COMBI=N2 OR CH/A6/TUBE/COMBI=N3 OR CH/A6/TUBE/COMBI=N4 OR CH/A6/TUBE/COMBI=N6 OR CH/A6/TUBE/COMBI=N7 OR CH/A6/TUBE/COMBI=M5 OR CH/A6/TUBE/COMBI=M6 OR CH/A6/TUBE/COMBI=M8 OR CH/A6/TUBE/COMBI=P0 OR CH/A6/TUBE/COMBI=P2 OR CH/A6/TUBE/COMBI=S6 OR CH/A6/TUBE/COMBI=T0 OR CH/A6/TUBE/COMBI=T2 OR CH/A6/TUBE/COMBI=T3 OR CH/A6/TUBE/COMBI=T6 OR CH/A6/TUBE/COMBI=T8 OR CH/A6/TUBE/COMBI=T9)","11.2","Valve at Inlet, Medium Capacity (Size 2.2)","Valve at Inlet, Medium Capacity (Size 2.2)",,TRUE
A6,CH/A6/VALVE,8,"F",7,True,False,"NOT(CH/A6/TUBE/COMBI=00 OR CH/A6/TUBE/COMBI=S5 OR CH/A6/TUBE/COMBI=S9 OR CH/A6/TUBE/COMBI=T1 OR CH/A6/TUBE/COMBI=T4 OR CH/A6/TUBE/COMBI=T5 OR CH/A6/TUBE/COMBI=T7 OR CH/A6/TUBE/COMBI=V0 OR CH/A6/TUBE/COMBI=N1 OR CH/A6/TUBE/COMBI=N5 OR CH/A6/TUBE/COMBI=N8 OR CH/A6/TUBE/COMBI=M7 OR CH/A6/TUBE/COMBI=M9 OR CH/A6/TUBE/COMBI=N9 OR CH/A6/TUBE/COMBI=P1 OR CH/A6/TUBE/COMBI=P3 OR CH/A6/TUBE/COMBI=P4 OR CH/A6/TUBE/COMBI=R1 OR CH/A6/TUBE/COMBI=W1)","11.2","Valve at Inlet, High Capacity (Size 3.2)","Valve at Inlet, High Capacity (Size 3.2)",,TRUE
A6,CH/A6/VALVE,8,"S",8,True,False,"CH/A6/TUBE/COMBI=00 OR CH/A6/TUBE/COMBI=B6 OR CH/A6/TUBE/COMBI=B7 OR CH/A6/TUBE/COMBI=B8 OR CH/A6/TUBE/COMBI=B9 OR CH/A6/TUBE/COMBI=C0 OR CH/A6/TUBE/COMBI=C1 OR CH/A6/TUBE/COMBI=C2 OR CH/A6/TUBE/COMBI=C3 OR CH/A6/TUBE/COMBI=C4 OR CH/A6/TUBE/COMBI=C5 OR CH/A6/TUBE/COMBI=C6 OR CH/A6/TUBE/COMBI=C8 OR CH/A6/TUBE/COMBI=C9 OR CH/A6/TUBE/COMBI=A1 OR CH/A6/TUBE/COMBI=A2 OR CH/A6/TUBE/COMBI=A3 OR CH/A6/TUBE/COMBI=E1 OR CH/A6/TUBE/COMBI=E2 OR CH/A6/TUBE/COMBI=E3 OR CH/A6/TUBE/COMBI=E4 OR CH/A6/TUBE/COMBI=F1 OR CH/A6/TUBE/COMBI=F5 OR CH/A6/TUBE/COMBI=H2","11.2","DVGW Valve at Outlet, Low Capacity (Size 1.2)","DVGW Valve at Outlet, Low Capacity (Size 1.2)",,TRUE
A6,CH/A6/VALVE,8,"Q",9,True,False,"NOT(CH/A6/TUBE/COMBI=00 OR CH/A6/TUBE/COMBI=C7 OR CH/A6/TUBE/COMBI=D0 OR CH/A6/TUBE/COMBI=H1 OR CH/A6/TUBE/COMBI=H3 OR CH/A6/TUBE/COMBI=H4 OR CH/A6/TUBE/COMBI=H5 OR CH/A6/TUBE/COMBI=H6 OR CH/A6/TUBE/COMBI=H7 OR CH/A6/TUBE/COMBI=H8 OR CH/A6/TUBE/COMBI=H9 OR CH/A6/TUBE/COMBI=J0 OR CH/A6/TUBE/COMBI=J1 OR CH/A6/TUBE/COMBI=J2 OR CH/A6/TUBE/COMBI=J3 OR CH/A6/TUBE/COMBI=J4 OR CH/A6/TUBE/COMBI=J5 OR CH/A6/TUBE/COMBI=J6 OR CH/A6/TUBE/COMBI=J7 OR CH/A6/TUBE/COMBI=J8 OR CH/A6/TUBE/COMBI=J9 OR CH/A6/TUBE/COMBI=K0 OR CH/A6/TUBE/COMBI=K1 OR CH/A6/TUBE/COMBI=K2 OR CH/A6/TUBE/COMBI=K3 OR CH/A6/TUBE/COMBI=K4 OR CH/A6/TUBE/COMBI=K5 OR CH/A6/TUBE/COMBI=R1 OR CH/A6/TUBE/COMBI=R2 OR CH/A6/TUBE/COMBI=R3 OR CH/A6/TUBE/COMBI=R4 OR CH/A6/TUBE/COMBI=R5 OR CH/A6/TUBE/COMBI=R6 OR CH/A6/TUBE/COMBI=R7 OR CH/A6/TUBE/COMBI=R8 OR CH/A6/TUBE/COMBI=R9 OR CH/A6/TUBE/COMBI=S0 OR CH/A6/TUBE/COMBI=S1 OR CH/A6/TUBE/COMBI=S2 OR CH/A6/TUBE/COMBI=S3 OR CH/A6/TUBE/COMBI=S4 OR CH/A6/TUBE/COMBI=S7 OR CH/A6/TUBE/COMBI=S8 OR CH/A6/TUBE/COMBI=L1 OR CH/A6/TUBE/COMBI=L2 OR CH/A6/TUBE/COMBI=L3 OR CH/A6/TUBE/COMBI=L4 OR CH/A6/TUBE/COMBI=F2 OR CH/A6/TUBE/COMBI=G1 OR CH/A6/TUBE/COMBI=F6 OR CH/A6/TUBE/COMBI=F7 OR CH/A6/TUBE/COMBI=F8 OR CH/A6/TUBE/COMBI=F9 OR CH/A6/TUBE/COMBI=G2 OR CH/A6/TUBE/COMBI=M1 OR CH/A6/TUBE/COMBI=N0 OR CH/A6/TUBE/COMBI=M2 OR CH/A6/TUBE/COMBI=M3 OR CH/A6/TUBE/COMBI=M4 OR CH/A6/TUBE/COMBI=N2 OR CH/A6/TUBE/COMBI=N3 OR CH/A6/TUBE/COMBI=N4 OR CH/A6/TUBE/COMBI=N6 OR CH/A6/TUBE/COMBI=N7 OR CH/A6/TUBE/COMBI=M5 OR CH/A6/TUBE/COMBI=M6 OR CH/A6/TUBE/COMBI=M8 OR CH/A6/TUBE/COMBI=P0 OR CH/A6/TUBE/COMBI=P2 OR CH/A6/TUBE/COMBI=S6 OR CH/A6/TUBE/COMBI=T0 OR CH/A6/TUBE/COMBI=T2 OR CH/A6/TUBE/COMBI=T3 OR CH/A6/TUBE/COMBI=T6 OR CH/A6/TUBE/COMBI=T8 OR CH/A6/TUBE/COMBI=T9)","11.2","DVGW Valve at Outlet, Medium Capacity (Size 2.2)","DVGW Valve at Outlet, Medium Capacity (Size 2.2)",,TRUE
A6,CH/A6/VALVE,8,"U",10,True,False,"NOT(CH/A6/TUBE/COMBI=00 OR CH/A6/TUBE/COMBI=S5 OR CH/A6/TUBE/COMBI=S9 OR CH/A6/TUBE/COMBI=T1 OR CH/A6/TUBE/COMBI=T4 OR CH/A6/TUBE/COMBI=T5 OR CH/A6/TUBE/COMBI=T7 OR CH/A6/TUBE/COMBI=V0 OR CH/A6/TUBE/COMBI=N1 OR CH/A6/TUBE/COMBI=N5 OR CH/A6/TUBE/COMBI=N8 OR CH/A6/TUBE/COMBI=M7 OR CH/A6/TUBE/COMBI=M9 OR CH/A6/TUBE/COMBI=N9 OR CH/A6/TUBE/COMBI=P1 OR CH/A6/TUBE/COMBI=P3 OR CH/A6/TUBE/COMBI=P4 OR CH/A6/TUBE/COMBI=R1 OR CH/A6/TUBE/COMBI=W1)","11.2","DVGW Valve at Outlet, High Capacity (Size 3.2)","DVGW Valve at Outlet, High Capacity (Size 3.2)",,TRUE
A6,CH/A6/VALVE,8,"T",11,True,False,"CH/A6/TUBE/COMBI=00 OR CH/A6/TUBE/COMBI=B6 OR CH/A6/TUBE/COMBI=B7 OR CH/A6/TUBE/COMBI=B8 OR CH/A6/TUBE/COMBI=B9 OR CH/A6/TUBE/COMBI=C0 OR CH/A6/TUBE/COMBI=C1 OR CH/A6/TUBE/COMBI=C2 OR CH/A6/TUBE/COMBI=C3 OR CH/A6/TUBE/COMBI=C4 OR CH/A6/TUBE/COMBI=C5 OR CH/A6/TUBE/COMBI=C6 OR CH/A6/TUBE/COMBI=C8 OR CH/A6/TUBE/COMBI=C9 OR CH/A6/TUBE/COMBI=A1 OR CH/A6/TUBE/COMBI=A2 OR CH/A6/TUBE/COMBI=A3 OR CH/A6/TUBE/COMBI=E1 OR CH/A6/TUBE/COMBI=E2 OR CH/A6/TUBE/COMBI=E3 OR CH/A6/TUBE/COMBI=E4 OR CH/A6/TUBE/COMBI=F1 OR CH/A6/TUBE/COMBI=F5 OR CH/A6/TUBE/COMBI=H2","11.2","DVGW Valve at Inlet, Low Capacity (Size 1.2)","DVGW Valve at Inlet, Low Capacity (Size 1.2)",,TRUE
A6,CH/A6/VALVE,8,"R",12,True,False,"NOT(CH/A6/TUBE/COMBI=00 OR CH/A6/TUBE/COMBI=C7 OR CH/A6/TUBE/COMBI=D0 OR CH/A6/TUBE/COMBI=H1 OR CH/A6/TUBE/COMBI=H3 OR CH/A6/TUBE/COMBI=H4 OR CH/A6/TUBE/COMBI=H5 OR CH/A6/TUBE/COMBI=H6 OR CH/A6/TUBE/COMBI=H7 OR CH/A6/TUBE/COMBI=H8 OR CH/A6/TUBE/COMBI=H9 OR CH/A6/TUBE/COMBI=J0 OR CH/A6/TUBE/COMBI=J1 OR CH/A6/TUBE/COMBI=J2 OR CH/A6/TUBE/COMBI=J3 OR CH/A6/TUBE/COMBI=J4 OR CH/A6/TUBE/COMBI=J5 OR CH/A6/TUBE/COMBI=J6 OR CH/A6/TUBE/COMBI=J7 OR CH/A6/TUBE/COMBI=J8 OR CH/A6/TUBE/COMBI=J9 OR CH/A6/TUBE/COMBI=K0 OR CH/A6/TUBE/COMBI=K1 OR CH/A6/TUBE/COMBI=K2 OR CH/A6/TUBE/COMBI=K3 OR CH/A6/TUBE/COMBI=K4 OR CH/A6/TUBE/COMBI=K5 OR CH/A6/TUBE/COMBI=R1 OR CH/A6/TUBE/COMBI=R2 OR CH/A6/TUBE/COMBI=R3 OR CH/A6/TUBE/COMBI=R4 OR CH/A6/TUBE/COMBI=R5 OR CH/A6/TUBE/COMBI=R6 OR CH/A6/TUBE/COMBI=R7 OR CH/A6/TUBE/COMBI=R8 OR CH/A6/TUBE/COMBI=R9 OR CH/A6/TUBE/COMBI=S0 OR CH/A6/TUBE/COMBI=S1 OR CH/A6/TUBE/COMBI=S2 OR CH/A6/TUBE/COMBI=S3 OR CH/A6/TUBE/COMBI=S4 OR CH/A6/TUBE/COMBI=S7 OR CH/A6/TUBE/COMBI=S8 OR CH/A6/TUBE/COMBI=L1 OR CH/A6/TUBE/COMBI=L2 OR CH/A6/TUBE/COMBI=L3 OR CH/A6/TUBE/COMBI=L4 OR CH/A6/TUBE/COMBI=F2 OR CH/A6/TUBE/COMBI=G1 OR CH/A6/TUBE/COMBI=F6 OR CH/A6/TUBE/COMBI=F7 OR CH/A6/TUBE/COMBI=F8 OR CH/A6/TUBE/COMBI=F9 OR CH/A6/TUBE/COMBI=G2 OR CH/A6/TUBE/COMBI=M1 OR CH/A6/TUBE/COMBI=N0 OR CH/A6/TUBE/COMBI=M2 OR CH/A6/TUBE/COMBI=M3 OR CH/A6/TUBE/COMBI=M4 OR CH/A6/TUBE/COMBI=N2 OR CH/A6/TUBE/COMBI=N3 OR CH/A6/TUBE/COMBI=N4 OR CH/A6/TUBE/COMBI=N6 OR CH/A6/TUBE/COMBI=N7 OR CH/A6/TUBE/COMBI=M5 OR CH/A6/TUBE/COMBI=M6 OR CH/A6/TUBE/COMBI=M8 OR CH/A6/TUBE/COMBI=P0 OR CH/A6/TUBE/COMBI=P2 OR CH/A6/TUBE/COMBI=S6 OR CH/A6/TUBE/COMBI=T0 OR CH/A6/TUBE/COMBI=T2 OR CH/A6/TUBE/COMBI=T3 OR CH/A6/TUBE/COMBI=T6 OR CH/A6/TUBE/COMBI=T8 OR CH/A6/TUBE/COMBI=T9)","11.2","DVGW Valve at Inlet, Medium Capacity (Size 2.2)","DVGW Valve at Inlet, Medium Capacity (Size 2.2)",,TRUE
A6,CH/A6/VALVE,8,"V",13,True,False,"NOT(CH/A6/TUBE/COMBI=00 OR CH/A6/TUBE/COMBI=S5 OR CH/A6/TUBE/COMBI=S9 OR CH/A6/TUBE/COMBI=T1 OR CH/A6/TUBE/COMBI=T4 OR CH/A6/TUBE/COMBI=T5 OR CH/A6/TUBE/COMBI=T7 OR CH/A6/TUBE/COMBI=V0 OR CH/A6/TUBE/COMBI=N1 OR CH/A6/TUBE/COMBI=N5 OR CH/A6/TUBE/COMBI=N8 OR CH/A6/TUBE/COMBI=M7 OR CH/A6/TUBE/COMBI=M9 OR CH/A6/TUBE/COMBI=N9 OR CH/A6/TUBE/COMBI=P1 OR CH/A6/TUBE/COMBI=P3 OR CH/A6/TUBE/COMBI=P4 OR CH/A6/TUBE/COMBI=R1 OR CH/A6/TUBE/COMBI=W1)","11.2","DVGW Valve at Inlet, High Capacity (Size 3.2)","DVGW Valve at Inlet, High Capacity (Size 3.2)",,TRUE
A6,CH/A6/ALARMS,9,"A",1,True,False,"","0","Without Alarm Facility","Without Alarm Facility",,TRUE
A6,CH/A6/ALARMS,9,"B",2,True,False,"(CH/A6/TUBE/LENGTH=4) OR (CH/A6/TUBE/DIA=A) OR (NOT(CH/A6/TUBE/COMBI=F2 OR CH/A6/TUBE/COMBI=F6 OR CH/A6/TUBE/COMBI=F9 OR CH/A6/TUBE/COMBI=G2 OR CH/A6/TUBE/COMBI=H3 OR CH/A6/TUBE/COMBI=H5 OR CH/A6/TUBE/COMBI=H8 OR CH/A6/TUBE/COMBI=J0 OR CH/A6/TUBE/COMBI=J3 OR CH/A6/TUBE/COMBI=J5 OR CH/A6/TUBE/COMBI=J8 OR CH/A6/TUBE/COMBI=K0 OR CH/A6/TUBE/COMBI=K3 OR CH/A6/TUBE/COMBI=K5 OR CH/A6/TUBE/COMBI=M3 OR CH/A6/TUBE/COMBI=M6 OR CH/A6/TUBE/COMBI=M9 OR CH/A6/TUBE/COMBI=N1 OR CH/A6/TUBE/COMBI=N6 OR CH/A6/TUBE/COMBI=N8 OR CH/A6/TUBE/COMBI=P1 OR CH/A6/TUBE/COMBI=P4 OR CH/A6/TUBE/COMBI=R3 OR CH/A6/TUBE/COMBI=R6 OR CH/A6/TUBE/COMBI=R9 OR CH/A6/TUBE/COMBI=S2 OR CH/A6/TUBE/COMBI=S5 OR CH/A6/TUBE/COMBI=S8 OR CH/A6/TUBE/COMBI=T1 OR CH/A6/TUBE/COMBI=T4 OR CH/A6/TUBE/COMBI=T7 OR CH/A6/TUBE/COMBI=V0))","190","Low Alarm, without Amplifier (only operates with SS, CA floats)","Low Alarm, without Amplifier (only operates with SS, CA floats)",,TRUE
A6,CH/A6/ALARMS,9,"C",3,True,False,"(CH/A6/TUBE/LENGTH=4) OR (CH/A6/TUBE/DIA=A) OR (NOT(CH/A6/TUBE/COMBI=F2 OR CH/A6/TUBE/COMBI=F6 OR CH/A6/TUBE/COMBI=F9 OR CH/A6/TUBE/COMBI=G2 OR CH/A6/TUBE/COMBI=H3 OR CH/A6/TUBE/COMBI=H5 OR CH/A6/TUBE/COMBI=H8 OR CH/A6/TUBE/COMBI=J0 OR CH/A6/TUBE/COMBI=J3 OR CH/A6/TUBE/COMBI=J5 OR CH/A6/TUBE/COMBI=J8 OR CH/A6/TUBE/COMBI=K0 OR CH/A6/TUBE/COMBI=K3 OR CH/A6/TUBE/COMBI=K5 OR CH/A6/TUBE/COMBI=M3 OR CH/A6/TUBE/COMBI=M6 OR CH/A6/TUBE/COMBI=M9 OR CH/A6/TUBE/COMBI=N1 OR CH/A6/TUBE/COMBI=N6 OR CH/A6/TUBE/COMBI=N8 OR CH/A6/TUBE/COMBI=P1 OR CH/A6/TUBE/COMBI=P4 OR CH/A6/TUBE/COMBI=R3 OR CH/A6/TUBE/COMBI=R6 OR CH/A6/TUBE/COMBI=R9 OR CH/A6/TUBE/COMBI=S2 OR CH/A6/TUBE/COMBI=S5 OR CH/A6/TUBE/COMBI=S8 OR CH/A6/TUBE/COMBI=T1 OR CH/A6/TUBE/COMBI=T4 OR CH/A6/TUBE/COMBI=T7 OR CH/A6/TUBE/COMBI=V0))","190","High Alarm, without Amplifier (only operates with SS, CA floats)","High Alarm, without Amplifier (only operates with SS, CA floats)",,TRUE
A6,CH/A6/ALARMS,9,"D",4,True,False,"(CH/A6/TUBE/LENGTH=1 OR CH/A6/TUBE/LENGTH=4) OR (CH/A6/TUBE/DIA=A) OR (NOT(CH/A6/TUBE/COMBI=F2 OR CH/A6/TUBE/COMBI=F6 OR CH/A6/TUBE/COMBI=F9 OR CH/A6/TUBE/COMBI=G2 OR CH/A6/TUBE/COMBI=H3 OR CH/A6/TUBE/COMBI=H5 OR CH/A6/TUBE/COMBI=H8 OR CH/A6/TUBE/COMBI=J0 OR CH/A6/TUBE/COMBI=J3 OR CH/A6/TUBE/COMBI=J5 OR CH/A6/TUBE/COMBI=J8 OR CH/A6/TUBE/COMBI=K0 OR CH/A6/TUBE/COMBI=K3 OR CH/A6/TUBE/COMBI=K5 OR CH/A6/TUBE/COMBI=M3 OR CH/A6/TUBE/COMBI=M6 OR CH/A6/TUBE/COMBI=M9 OR CH/A6/TUBE/COMBI=N1 OR CH/A6/TUBE/COMBI=N6 OR CH/A6/TUBE/COMBI=N8 OR CH/A6/TUBE/COMBI=P1 OR CH/A6/TUBE/COMBI=P4 OR CH/A6/TUBE/COMBI=R3 OR CH/A6/TUBE/COMBI=R6 OR CH/A6/TUBE/COMBI=R9 OR CH/A6/TUBE/COMBI=S2 OR CH/A6/TUBE/COMBI=S5 OR CH/A6/TUBE/COMBI=S8 OR CH/A6/TUBE/COMBI=T1 OR CH/A6/TUBE/COMBI=T4 OR CH/A6/TUBE/COMBI=T7 OR CH/A6/TUBE/COMBI=V0))","378","Low & High Alarm, without Amplifier (only operates with SS, CA floats)","Low & High Alarm, without Amplifier (only operates with SS, CA floats)",,TRUE
A6,CH/A6/ALARMS,9,"E",5,True,False,"(CH/A6/TUBE/LENGTH=4) OR (NOT(CH/A6/TUBE/COMBI=00 OR CH/A6/TUBE/COMBI=F2 OR CH/A6/TUBE/COMBI=F6 OR CH/A6/TUBE/COMBI=F9 OR CH/A6/TUBE/COMBI=G2 OR CH/A6/TUBE/COMBI=H3 OR CH/A6/TUBE/COMBI=H5 OR CH/A6/TUBE/COMBI=H8 OR CH/A6/TUBE/COMBI=J0 OR CH/A6/TUBE/COMBI=J3 OR CH/A6/TUBE/COMBI=J5 OR CH/A6/TUBE/COMBI=J8 OR CH/A6/TUBE/COMBI=K0 OR CH/A6/TUBE/COMBI=K3 OR CH/A6/TUBE/COMBI=K5 OR CH/A6/TUBE/COMBI=M3 OR CH/A6/TUBE/COMBI=M6 OR CH/A6/TUBE/COMBI=M9 OR CH/A6/TUBE/COMBI=N1 OR CH/A6/TUBE/COMBI=N6 OR CH/A6/TUBE/COMBI=N8 OR CH/A6/TUBE/COMBI=P1 OR CH/A6/TUBE/COMBI=P4 OR CH/A6/TUBE/COMBI=R3 OR CH/A6/TUBE/COMBI=R6 OR CH/A6/TUBE/COMBI=R9 OR CH/A6/TUBE/COMBI=S2 OR CH/A6/TUBE/COMBI=S5 OR CH/A6/TUBE/COMBI=S8 OR CH/A6/TUBE/COMBI=T1 OR CH/A6/TUBE/COMBI=T4 OR CH/A6/TUBE/COMBI=T7 OR CH/A6/TUBE/COMBI=V0))","47.8","Meter Suitable for Alarms, no Sensor or Amplifier Supplied (only operates with SS, CA floats)","Meter Suitable for Alarms, no Sensor or Amplifier Supplied (only operates with SS, CA floats)",,TRUE
A6,CH/A6/REGULATOR,10,"0",1,True,False,"CH/A6/CONN/TYPE=2","0","Without","Without",,TRUE
A6,CH/A6/REGULATOR,10,"1",2,True,False,"(CH/A6/CONN/TYPE=1 OR CH/A6/CONN/TYPE=3 OR CH/A6/CONN/TYPE=4 OR CH/A6/CONN/TYPE=5 OR CH/A6/CONN/TYPE=6 OR CH/A6/CONN/TYPE=7 OR CH/A6/CONN/TYPE=8) OR (CH/A6/TUBE/COMBI=L4 OR CH/A6/TUBE/COMBI=M9 OR CH/A6/TUBE/COMBI=N8 OR CH/A6/TUBE/COMBI=P1 OR CH/A6/TUBE/COMBI=P4 OR CH/A6/TUBE/COMBI=T1 OR CH/A6/TUBE/COMBI=V0)","0","Standard Capacity 1/4 in. NPT","Standard Capacity 1/4 in. NPT",,TRUE
A6,CH/A6/REGULATOR,10,"2",3,True,False,"(CH/A6/CONN/TYPE=1 OR CH/A6/CONN/TYPE=3 OR CH/A6/CONN/TYPE=4 OR CH/A6/CONN/TYPE=5 OR CH/A6/CONN/TYPE=6 OR CH/A6/CONN/TYPE=7 OR CH/A6/CONN/TYPE=8) OR (CH/A6/TUBE/COMBI=L4 OR CH/A6/TUBE/COMBI=M9 OR CH/A6/TUBE/COMBI=N8 OR CH/A6/TUBE/COMBI=P1 OR CH/A6/TUBE/COMBI=P4 OR CH/A6/TUBE/COMBI=T1 OR CH/A6/TUBE/COMBI=V0)","0","Standard Capacity G 1/4 in.","Standard Capacity G 1/4 in.",,TRUE
A6,CH/A6/REGULATOR,10,"3",4,True,False,"(CH/A6/CONN/TYPE=1 OR CH/A6/CONN/TYPE=3 OR CH/A6/CONN/TYPE=4 OR CH/A6/CONN/TYPE=5 OR CH/A6/CONN/TYPE=6 OR CH/A6/CONN/TYPE=7 OR CH/A6/CONN/TYPE=8) OR (NOT(CH/A6/TUBE/COMBI=00 OR CH/A6/TUBE/COMBI=L4 OR CH/A6/TUBE/COMBI=M9 OR CH/A6/TUBE/COMBI=N8 OR CH/A6/TUBE/COMBI=P1 OR CH/A6/TUBE/COMBI=P4 OR CH/A6/TUBE/COMBI=T1 OR CH/A6/TUBE/COMBI=V0))","0","High Capacity 1/4 in. NPT","High Capacity 1/4 in. NPT",,TRUE
A6,CH/A6/REGULATOR,10,"4",5,True,False,"(CH/A6/CONN/TYPE=1 OR CH/A6/CONN/TYPE=3 OR CH/A6/CONN/TYPE=4 OR CH/A6/CONN/TYPE=5 OR CH/A6/CONN/TYPE=6 OR CH/A6/CONN/TYPE=7 OR CH/A6/CONN/TYPE=8) OR (NOT(CH/A6/TUBE/COMBI=00 OR CH/A6/TUBE/COMBI=L4 OR CH/A6/TUBE/COMBI=M9 OR CH/A6/TUBE/COMBI=N8 OR CH/A6/TUBE/COMBI=P1 OR CH/A6/TUBE/COMBI=P4 OR CH/A6/TUBE/COMBI=T1 OR CH/A6/TUBE/COMBI=V0))","0","High Capacity G 1/4 in.","High Capacity G 1/4 in.",,TRUE
A6,CH/A6/MOUNTING,11,"A",1,True,False,"","0","In-Line","In-Line",,TRUE
A6,CH/A6/MOUNTING,11,"B",2,True,False,"CH/A6/REGULATOR=0","11","Wall, with Regulator only","Wall, with Regulator only",,TRUE
A6,CH/A6/MOUNTING,11,"C",3,True,False,"CH/A6/CONN/ORIEN=2","44.9","Rear Panel (Flush)","Rear Panel (Flush)",,TRUE
A6,CH/A6/MOUNTING,11,"D",4,True,False,"CH/A6/CONN/TYPE=2","0","Front Panel (Surface)","Front Panel (Surface)",,TRUE
A6,CH/A6/MOUNTING,11,"E",5,True,False,"NOT(CH/A6/CONN/ORIEN=1)","40.8","Laboratory Stand","Laboratory Stand",,TRUE
A6,CH/A6/MOUNTING,11,"F",6,True,False,"","11.2","Front Panel, Adaptor Plates","Front Panel, Adaptor Plates",,TRUE
A6,CH/A6/MOUNTING,11,"G",7,True,False,"","21.8","Front Panel, End Caps","Front Panel, End Caps",,TRUE
A6,CH/A6/MOUNTING,11,"H",8,True,False,"","29","Front Panel, End Caps, Adaptor Plates","Front Panel, End Caps, Adaptor Plates",,TRUE
A6,CH/A6/MOUNTING,11,"M",9,True,False,"NOT(CH/A6/CONN/ORIEN=1)","17.7","Front Panel to SES1589V","Front Panel to SES1589V",,TRUE
A6,CH/A6/DESIGN/LEVEL,12,"A",1,True,False,"","0","A","A",,TRUE
A6,CH/A6/CERT,13,"D",1,True,False,"CH/A6/ALARMS=B OR CH/A6/ALARMS=C OR CH/A6/ALARMS=D OR CH/A6/ALARMS=E","47.8","ATEX II 2 GD c 130C without Alarm","ATEX II 2 GD c 130C without Alarm",,TRUE
A6,CH/A6/CERT,13,"A",2,True,False,"CH/A6/ALARMS=A","0","ATEX II 2 G c 130C with Alarm","ATEX II 2 G c 130C with Alarm",,TRUE
A6,CH/A6/CERT,13,"S",3,True,False,"","0","Safe Area Design","Safe Area Design",,TRUE
A6,CH/A6/DEGR,14,"D",1,True,False,"","30.4","Degreasing","Degreasing",,TRUE
