ProductCode,SelectionGroup,GrpOrder,PartNumber,Order,Active,DefaultItem,ExclusionRule,Cost,Name,Description,AdditionalData,EnglishUS,EnglishUS_LongDesc,French,French_LongDesc,German,German_LongDesc,Spanish,Spanish_LongDesc,Russian,Russian_LongDesc
TIN,CH/HAZARD,1,Y0,1,TRUE,FALSE,,0,Safe Area - Non Certified,Safe Area - Non Certified,,,,,,,,,,,
TIN,CH/HAZARD,1,A0,2,TRUE,FALSE,,0,ATEX Ex i - with installed certified transmitter,ATEX Ex i - with installed certified transmitter,,,,,,,,,,,
TIN,CH/HAZARD,1,A1,3,TRUE,FALSE,,0,ATEX Ex d,ATEX Ex d,,,,,,,,,,,
TIN,CH/HAZARD,1,A2,4,TRUE,FALSE,,0,ATEX Ex n,ATEX Ex n,,,,,,,,,,,
TIN,CH/HAZARD,1,B0,5,TRUE,FALSE,,0,IECEx i - with installed certified transmitter,IECEx i - with installed certified transmitter,,,,,,,,,,,
TIN,CH/HAZARD,1,B1,6,TRUE,FALSE,,0,IECEx d,IECEx d,,,,,,,,,,,
TIN,CH/HAZARD,1,F0,7,TRUE,FALSE,,0,FM Intrinsically Safe - with installed certified transmitter,FM Intrinsically Safe - with installed certified transmitter,,,,,,,,,,,
TIN,CH/HAZARD,1,S0,8,TRUE,FALSE,,0,Simple Apparatus Equipment - For intrinsically safe installations without transmitter,Simple Apparatus Equipment - For intrinsically safe installations without transmitter,,,,,,,,,,,
TIN,CH/TX,2,Y0,1,TRUE,FALSE,CH/HAZARD=A0 OR CH/HAZARD=B0 OR CH/HAZARD=FM,0,None,None,,,,,,,,,,,
TIN,CH/TX,2,Z9,2,TRUE,FALSE,,0,Customer Specific,Customer Specific,,,,,,,,,,,
TIN,CH/TX,2,A2,3,TRUE,FALSE,,0,"TTH200 - Smart HART, single sensor input","TTH200 - Smart HART, single sensor input",,,,,,,,,,,
TIN,CH/TX,2,A3,4,TRUE,FALSE,,0,"TTH300 - Smart HART, extended functionality, dual sensor input","TTH300 - Smart HART, extended functionality, dual sensor input",,,,,,,,,,,
TIN,CH/COMMS,3,Y0,1,TRUE,FALSE,NOT(CH/TX=Y0),0,None,None,,,,,,,,,,,
TIN,CH/COMMS,3,H5,2,TRUE,FALSE,CH/TX=Y0,0,HART 5 (4...20mA),HART 5 (4...20mA),,,,,,,,,,,
TIN,CH/COMMS,3,H7,3,TRUE,FALSE,CH/TX=Y0 OR CH/TX=A2,0,HART 7 (4...20mA),HART 7 (4...20mA),,,,,,,,,,,
TIN,CH/COMMS,3,P1,4,TRUE,FALSE,CH/TX=Y0 OR CH/TX=A2,0,Profibus PA,Profibus PA,,,,,,,,,,,
TIN,CH/COMMS,3,F1,5,TRUE,FALSE,CH/TX=Y0 OR CH/TX=A2,0,Foundation Fieldbus - H1,Foundation Fieldbus - H1,,,,,,,,,,,
TIN,CH/UNUSED,4,00,1,TRUE,FALSE,,0,Unused,Unused,,,,,,,,,,,
TIN,CH/SENSORTYPE,5,S1,1,TRUE,FALSE,,0,1 X PT100 - Standard Range Thin Film,1 X PT100 - Standard Range Thin Film,,,,,,,,,,,
TIN,CH/SENSORTYPE,5,S2,2,TRUE,FALSE,,0,2 X PT100 - Standard Range Thin Film,2 X PT100 - Standard Range Thin Film,,,,,,,,,,,
TIN,CH/SENSORTYPE,5,P1,3,TRUE,FALSE,,0,1 X PT100 - Wide Range Wire Wound (-200 to +600 Deg C),1 X PT100 - Wide Range Wire Wound (-200 to +600 Deg C),,,,,,,,,,,
TIN,CH/SENSORTYPE,5,P2,4,TRUE,FALSE,,0,2 X PT100 - Wide Range Wire Wound (-200 to +600 Deg C),2 X PT100 - Wide Range Wire Wound (-200 to +600 Deg C),,,,,,,,,,,
TIN,CH/SENSORTYPE,5,J1,5,TRUE,FALSE,,0,1 x Type J - Fe/CuNi,1 x Type J - Fe/CuNi,,,,,,,,,,,
TIN,CH/SENSORTYPE,5,K1,6,TRUE,FALSE,,0,1 x Type K - NiCr/NiAl,1 x Type K - NiCr/NiAl,,,,,,,,,,,
TIN,CH/SENSORTYPE,5,T1,7,TRUE,FALSE,,0,1 x Type T - Cu/CuNi,1 x Type T - Cu/CuNi,,,,,,,,,,,
TIN,CH/SENSORTYPE,5,E1,8,TRUE,FALSE,,0,1 x Type E - NiCr/CuNi,1 x Type E - NiCr/CuNi,,,,,,,,,,,
TIN,CH/SENSORTYPE,5,N1,9,TRUE,FALSE,,0,1 x Type N - NiCrSi/NiSi,1 x Type N - NiCrSi/NiSi,,,,,,,,,,,
TIN,CH/SENSORTYPE,5,J2,10,TRUE,FALSE,,0,2 x Type J - Fe/CuNi,2 x Type J - Fe/CuNi,,,,,,,,,,,
TIN,CH/SENSORTYPE,5,K2,11,TRUE,FALSE,,0,2 x Type K - NiCr/NiAl,2 x Type K - NiCr/NiAl,,,,,,,,,,,
TIN,CH/SENSORTYPE,5,T2,12,TRUE,FALSE,,0,2 x Type T - Cu/CuNi,2 x Type T - Cu/CuNi,,,,,,,,,,,
TIN,CH/SENSORTYPE,5,E2,13,TRUE,FALSE,,0,2 x Type E - NiCr/CuNi,2 x Type E - NiCr/CuNi,,,,,,,,,,,
TIN,CH/SENSORTYPE,5,N2,14,TRUE,FALSE,,0,2 x Type N - NiCrSi/NiSi,2 x Type N - NiCrSi/NiSi,,,,,,,,,,,
TIN,CH/SENSORTYPE,5,J3,15,TRUE,FALSE,,0,3 x Type J - Fe/CuNi,3 x Type J - Fe/CuNi,,,,,,,,,,,
TIN,CH/SENSORTYPE,5,K3,16,TRUE,FALSE,,0,3 x Type K - NiCr/NiAl,3 x Type K - NiCr/NiAl,,,,,,,,,,,
TIN,CH/SENSORTYPE,5,T3,17,TRUE,FALSE,,0,3 x Type T - Cu/CuNi,3 x Type T - Cu/CuNi,,,,,,,,,,,
TIN,CH/SENSORTYPE,5,E3,18,TRUE,FALSE,,0,3 x Type E - NiCr/CuNi,3 x Type E - NiCr/CuNi,,,,,,,,,,,
TIN,CH/SENSORTYPE,5,N3,19,TRUE,FALSE,,0,3 x Type N - NiCrSi/NiSi,3 x Type N - NiCrSi/NiSi,,,,,,,,,,,
TIN,CH/SENSORTOL,6,A,1,TRUE,FALSE,NOT(CH/SENSORTYPE=S1 OR CH/SENSORTYPE=S2 OR CH/SENSORTYPE=P1 OR CH/SENSORTYPE=P2),0,Class 'A' IEC 60751,Class 'A' IEC 60751,,,,,,,,,,,
TIN,CH/SENSORTOL,6,B,2,TRUE,FALSE,NOT(CH/SENSORTYPE=S1 OR CH/SENSORTYPE=S2 OR CH/SENSORTYPE=P1 OR CH/SENSORTYPE=P2),0,Class 'B' IEC 60751,Class 'B' IEC 60751,,,,,,,,,,
TIN,CH/SENSORTOL,6,C,3,TRUE,FALSE,NOT(CH/SENSORTYPE=S1 OR CH/SENSORTYPE=S2 OR CH/SENSORTYPE=P1 OR CH/SENSORTYPE=P2),0,Class 'AA' IEC 60751,Class 'AA' IEC 60751,,,,,,,,,,
TIN,CH/SENSORTOL,6,1,4,TRUE,FALSE,CH/SENSORTYPE=S1 OR CH/SENSORTYPE=S2 OR CH/SENSORTYPE=P1 OR CH/SENSORTYPE=P2,0,Class '1' IEC 60751,Class '1' IEC 60751,,,,,,,,,,
TIN,CH/SENSORTOL,6,2,5,TRUE,FALSE,CH/SENSORTYPE=S1 OR CH/SENSORTYPE=S2 OR CH/SENSORTYPE=P1 OR CH/SENSORTYPE=P2,0,Class '2' IEC 60751,Class '2' IEC 60751,,,,,,,,,,
TIN,CH/SENSORTOL,6,6,6,TRUE,FALSE,CH/SENSORTYPE=S1 OR CH/SENSORTYPE=S2 OR CH/SENSORTYPE=P1 OR CH/SENSORTYPE=P2,0,MC-96.1 Standard Class,MC-96.1 Standard Class,,,,,,,,,,
TIN,CH/SENSORCON,7,2,1,TRUE,FALSE,NOT(CH/SENSORTYPE=S1 OR CH/SENSORTYPE=P1 OR CH/SENSORTYPE=S2 OR CH/SENSORTYPE=P2),0,2 Wire PT Sensor,2 Wire PT Sensor,,,,,,,,,,,
TIN,CH/SENSORCON,7,3,2,TRUE,FALSE,NOT(CH/SENSORTYPE=S1 OR CH/SENSORTYPE=P1 OR CH/SENSORTYPE=S2 OR CH/SENSORTYPE=P2),0,3 Wire PT Sensor,3 Wire PT Sensor,,,,,,,,,,,
TIN,CH/SENSORCON,7,4,3,TRUE,FALSE,NOT(CH/SENSORTYPE=S1 OR CH/SENSORTYPE=P1) OR NOT(CH/SENSORTYPE=S2 OR CH/SENSORTYPE=P2 AND CH/HAZARD=Y0 AND CH/HAZARD=A0 AND CH/HAZARD=B0 AND CH/HAZARD=F0 AND CH/HAZARD=S0),0,4 Wire PT Sensor,4 Wire PT Sensor,,,,,,,,,,,
TIN,CH/SENSORCON,7,I,4,TRUE,FALSE,CH/SENSORTYPE=S1 OR CH/SENSORTYPE=P1 OR CH/SENSORTYPE=S2 OR CH/SENSORTYPE=P2,0,Insulated Thermocouple Hot Junction,Insulated Thermocouple Hot Junction,,,,,,,,,,,
TIN,CH/SENSORCON,7,B,5,TRUE,FALSE,CH/SENSORTYPE=S1 OR CH/SENSORTYPE=P1 OR CH/SENSORTYPE=S2 OR CH/SENSORTYPE=P2,0,Bonded Thermocouple Hot Junction,Bonded Thermocouple Hot Junction,,,,,,,,,,,
TIN,CH/SENSORDIA,8,D1,1,TRUE,FALSE,,0,1.5 mm,1.5 mm,,,,,,,,,,,
TIN,CH/SENSORDIA,8,D2,2,TRUE,FALSE,,0,3 mm,3 mm,,,,,,,,,,,
TIN,CH/SENSORDIA,8,D3,3,TRUE,FALSE,,0,4.5 mm,4.5 mm,,,,,,,,,,,
TIN,CH/SENSORDIA,8,D4,4,TRUE,FALSE,,0,6 mm,6 mm,,,,,,,,,,,
TIN,CH/SENSORDIA,8,D5,4,TRUE,FALSE,,0,8 mm,8 mm,,,,,,,,,,,
TIN,CH/SENSORDIA,8,D6,5,TRUE,FALSE,,0,10 mm,10 mm,,,,,,,,,,,
TIN,CH/SENSORDIA,8,D7,6,TRUE,FALSE,,0,6 mm with 10 mm tip,6 mm with 10 mm tip,,,,,,,,,,,
TIN,CH/SENSORDIA,8,D8,7,TRUE,FALSE,,0,6 mm swaged to 4.5 mm x 20 mm long,6 mm swaged to 4.5 mm x 20 mm long,,,,,,,,,,,
TIN,CH/SENSORDIA,8,D9,8,TRUE,FALSE,,0,6 mm swaged to 3 mm x 20 mm long,6 mm swaged to 3 mm x 20 mm long,,,,,,,,,,,
TIN,CH/SHEATHMAT,9,S4,1,TRUE,FALSE,,0,304 Stainless Steel,304 Stainless Steel,,,,,,,,,,,
TIN,CH/SHEATHMAT,9,S2,2,TRUE,FALSE,,0,321 Stainless Steel,321 Stainless Steel,,,,,,,,,,,
TIN,CH/SHEATHMAT,9,S1,3,TRUE,FALSE,,0,310 Stainless Steel,310 Stainless Steel,,,,,,,,,,,
TIN,CH/SHEATHMAT,9,S6,4,TRUE,FALSE,,0,316 Stainless Steel,316 Stainless Steel,,,,,,,,,,,
TIN,CH/SHEATHMAT,9,U6,5,TRUE,FALSE,,0,Alloy 600,Alloy 600,,,,,,,,,,,
TIN,CH/SHEATHMAT,9,U8,6,TRUE,FALSE,,0,Alloy 800,Alloy 800,,,,,,,,,,,
TIN,CH/SHEATHMAT,9,U4,7,TRUE,FALSE,,0,Alloy 446,Alloy 446,,,,,,,,,,,
TIN,CH/SHEATHMAT,9,C2,8,TRUE,FALSE,,0,Hastelloy X,Hastelloy X,,,,,,,,,,,
TIN,CH/SENSORTERM,10,T1,1,TRUE,FALSE,,0,Ceramic Terminal Block - Spring Loaded,Ceramic Terminal Block - Spring Loaded,,,,,,,,,,,
TIN,CH/SENSORTERM,10,F1,2,TRUE,FALSE,,0,Transmitter Flange and Transmitter Tails - Spring Loaded,Transmitter Flange and Transmitter Tails - Spring Loaded,,,,,,,,,,,
TIN,CH/SENSORTERM,10,R1,3,TRUE,FALSE,,0,Spring Loaded For M20 Cable Entry (requires back stop),Spring Loaded For M20 Cable Entry (requires back stop),,,,,,,,,,,
TIN,CH/SENSORTERM,10,S1,4,TRUE,FALSE,,0,Shell Std For Spring Loading in Union,Shell Std For Spring Loading in Union,,,,,,,,,,,
TIN,CH/SENSORTERM,10,P1,5,TRUE,FALSE,,0,Std Plain Pot Seal,Std Plain Pot Seal,,,,,,,,,,,
TIN,CH/SENSORTERM,10,P2,6,TRUE,FALSE,,0,Screwed Pot Seal,Screwed Pot Seal,,,,,,,,,,,
TIN,CH/SENSORTERM,10,S1,7,TRUE,FALSE,,0,Strain Relief Spring Assembly,Strain Relief Spring Assembly,,,,,,,,,,,
TIN,CH/SENSORTERM,10,C1,8,TRUE,FALSE,,0,Plain Crimp Tube,Plain Crimp Tube,,,,,,,,,,,


TAI,CH/FPD/PRODUCT/DES,1,F,1,TRUE,FALSE,,0,Flanged Tappings,Flanged Tappings,,,,,,,,,,,
TAI,CH/FPD/ORIFICE/DESIGN,2,W1,1,TRUE,FALSE,,0,Single Wedge,Single Wedge,,,,,,,,,,,
TAI,CH/FPD/LINE/SIZE,3,040,1,TRUE,FALSE,,0,DN 40 (1½ in.),DN 40 (1½ in.),"1½""",,,,,,,,,,
TAI,CH/FPD/LINE/SIZE,3,050,2,TRUE,FALSE,,0,DN 50 (2 in.),DN 50 (2 in.),"2""",,,,,,,,,,
TAI,CH/FPD/LINE/SIZE,3,065,3,TRUE,FALSE,,999999,DN 65 (2½ in.),DN 65 (2½ in.),"2½""",,,,,,,,,,
TAI,CH/FPD/LINE/SIZE,3,080,4,TRUE,FALSE,,0,DN 80 (3 in.),DN 80 (3 in.),"3""",,,,,,,,,,
TAI,CH/FPD/LINE/SIZE,3,090,5,TRUE,FALSE,,0,DN 90 (3½ in.),DN 90 (3½ in.),"3½""",,,,,,,,,,
TAI,CH/FPD/LINE/SIZE,3,100,6,TRUE,FALSE,,0,DN 100 (4 in.),DN 100 (4 in.),"4""",,,,,,,,,,
TAI,CH/FPD/LINE/SIZE,3,125,7,TRUE,FALSE,,999999,DN 125 (5 in.),DN 125 (5 in.),"5""",,,,,,,,,,
TAI,CH/FPD/LINE/SIZE,3,150,8,TRUE,FALSE,,0,DN 150 (6 in.),DN 150 (6 in.),"6""",,,,,,,,,,
TAI,CH/FPD/LINE/SIZE,3,200,9,TRUE,FALSE,,0,DN 200 (8 in.),DN 200 (8 in.),"8""",,,,,,,,,,
TAI,CH/FPD/LINE/SIZE,3,250,10,TRUE,FALSE,,0,DN 250 (10 in.),DN 250 (10 in.),"10""",,,,,,,,,,
TAI,CH/FPD/LINE/SIZE,3,300,11,TRUE,FALSE,,0,DN 300 (12 in.),DN 300 (12 in.),"12""",,,,,,,,,,
TAI,CH/FPD/LINE/SIZE,3,350,12,TRUE,FALSE,,0,DN 350 (14 in.),DN 350 (14 in.),"14""",,,,,,,,,,
TAI,CH/FPD/LINE/SIZE,3,400,13,TRUE,FALSE,,0,DN 400 (16 in.),DN 400 (16 in.),"16""",,,,,,,,,,
TAI,CH/FPD/LINE/SIZE,3,450,14,TRUE,FALSE,,0,DN 450 (18 in.),DN 450 (18 in.),"18""",,,,,,,,,,
TAI,CH/FPD/LINE/SIZE,3,500,15,TRUE,FALSE,,0,DN 500 (20 in.),DN 500 (20 in.),"20""",,,,,,,,,,
TAI,CH/FPD/LINE/SIZE,3,550,16,TRUE,FALSE,,999999,DN 550 (22 in.),DN 550 (22 in.),"22""",,,,,,,,,,
TAI,CH/FPD/LINE/SIZE,3,600,17,TRUE,FALSE,,0,DN 600 (24 in.),DN 600 (24 in.),"24""",,,,,,,,,,
TAI,CH/FPD/LINE/SIZE,3,650,18,TRUE,FALSE,,999999,DN 650 (26 in.),DN 650 (26 in.),"26""",,,,,,,,,,
TAI,CH/FPD/LINE/SIZE,3,700,19,TRUE,FALSE,,999999,DN 700 (28 in.),DN 700 (28 in.),"28""",,,,,,,,,,
TAI,CH/FPD/LINE/SIZE,3,750,20,TRUE,FALSE,,999999,DN 750 (30 in.),DN 750 (30 in.),"30""",,,,,,,,,,
TAI,CH/FPD/LINE/SIZE,3,800,21,TRUE,FALSE,,999999,DN 800 (32 in.),DN 800 (32 in.),"32""",,,,,,,,,,
TAI,CH/FPD/LINE/SIZE,3,850,22,TRUE,FALSE,,999999,DN 850 (34 in.),DN 850 (34 in.),"34""",,,,,,,,,,
TAI,CH/FPD/LINE/SIZE,3,900,23,TRUE,FALSE,,999999,DN 900 (36 in.),DN 900 (36 in.),"36""",,,,,,,,,,
TAI,CH/FPD/LINE/SIZE,3,950,24,TRUE,FALSE,,999999,DN 950 (38 in.),DN 950 (38 in.),"38""",,,,,,,,,,
TAI,CH/FPD/LINE/SIZE,3,001,25,TRUE,FALSE,,999999,DN 1000 (40 in.),DN 1000 (40 in.),"40""",,,,,,,,,,
TAI,CH/FPD/LINE/SIZE,3,051,26,TRUE,FALSE,,999999,DN 1050 (42 in.),DN 1050 (42 in.),"42""",,,,,,,,,,
TAI,CH/FPD/LINE/SIZE,3,101,27,TRUE,FALSE,,999999,DN 1100 (44 in.),DN 1100 (44 in.),"44""",,,,,,,,,,
TAI,CH/FPD/LINE/SIZE,3,151,28,TRUE,FALSE,,999999,DN 1150 (46 in.),DN 1150 (46 in.),"46""",,,,,,,,,,
TAI,CH/FPD/LINE/SIZE,3,201,29,TRUE,FALSE,,999999,DN 1200 (48 in.),DN 1200 (48 in.),"48""",,,,,,,,,,
TAI,CH/FPD/LINE/SIZE,3,999,30,TRUE,FALSE,,999999,Others,Others,Customer,,,,,,,,,,
TAI,CH/FPD/PIPE/SCH,4,S1,1,TRUE,FALSE,CH/FPD/LINE/SIZE=650 OR CH/FPD/LINE/SIZE=700 OR CH/FPD/LINE/SIZE=750 OR CH/FPD/LINE/SIZE=800 OR CH/FPD/LINE/SIZE=850 OR CH/FPD/LINE/SIZE=900 OR CH/FPD/LINE/SIZE=950 OR CH/FPD/LINE/SIZE=001 OR CH/FPD/LINE/SIZE=051 OR CH/FPD/LINE/SIZE=101 OR CH/FPD/LINE/SIZE=151 OR CH/FPD/LINE/SIZE=201 OR CH/FPD/LINE/SIZE=999,999999,Schedule 5S,Schedule 5S,5S,,,,,,,,,,
TAI,CH/FPD/PIPE/SCH,4,S2,2,TRUE,FALSE,NOT(CH/FPD/LINE/SIZE=040 OR CH/FPD/LINE/SIZE=050 OR CH/FPD/LINE/SIZE=065 OR CH/FPD/LINE/SIZE=080 OR CH/FPD/LINE/SIZE=090 OR CH/FPD/LINE/SIZE=100 OR CH/FPD/LINE/SIZE=125 OR CH/FPD/LINE/SIZE=150),999999,Schedule 5,Schedule 5,5,,,,,,,,,,
TAI,CH/FPD/PIPE/SCH,4,S3,3,TRUE,FALSE,CH/FPD/LINE/SIZE=040 OR CH/FPD/LINE/SIZE=050 OR CH/FPD/LINE/SIZE=065 OR CH/FPD/LINE/SIZE=080 OR CH/FPD/LINE/SIZE=090 OR CH/FPD/LINE/SIZE=100 OR CH/FPD/LINE/SIZE=125 OR CH/FPD/LINE/SIZE=150 OR CH/FPD/LINE/SIZE=650 OR CH/FPD/LINE/SIZE=700 OR CH/FPD/LINE/SIZE=750 OR CH/FPD/LINE/SIZE=800 OR CH/FPD/LINE/SIZE=850 OR CH/FPD/LINE/SIZE=900 OR CH/FPD/LINE/SIZE=950 OR CH/FPD/LINE/SIZE=001 OR CH/FPD/LINE/SIZE=051 OR CH/FPD/LINE/SIZE=101 OR CH/FPD/LINE/SIZE=151 OR CH/FPD/LINE/SIZE=201 OR CH/FPD/LINE/SIZE=999,999999,Schedule 10S,Schedule 10S,10S,,,,,,,,,,
TAI,CH/FPD/PIPE/SCH,4,S4,4,TRUE,FALSE,CH/FPD/LINE/SIZE=200 OR CH/FPD/LINE/SIZE=250 OR CH/FPD/LINE/SIZE=300 OR CH/FPD/LINE/SIZE=950 OR CH/FPD/LINE/SIZE=001 OR CH/FPD/LINE/SIZE=051 OR CH/FPD/LINE/SIZE=101 OR CH/FPD/LINE/SIZE=151 OR CH/FPD/LINE/SIZE=201 OR CH/FPD/LINE/SIZE=999,999999,Schedule 10,Schedule 10,10,,,,,,,,,,
TAI,CH/FPD/PIPE/SCH,4,S5,5,TRUE,FALSE,CH/FPD/LINE/SIZE=040 OR CH/FPD/LINE/SIZE=050 OR CH/FPD/LINE/SIZE=065 OR CH/FPD/LINE/SIZE=080 OR CH/FPD/LINE/SIZE=090 OR CH/FPD/LINE/SIZE=100 OR CH/FPD/LINE/SIZE=125 OR CH/FPD/LINE/SIZE=150 OR CH/FPD/LINE/SIZE=950 OR CH/FPD/LINE/SIZE=001 OR CH/FPD/LINE/SIZE=051 OR CH/FPD/LINE/SIZE=101 OR CH/FPD/LINE/SIZE=151 OR CH/FPD/LINE/SIZE=201 OR CH/FPD/LINE/SIZE=999,999999,Schedule 20,Schedule 20,20,,,,,,,,,,
TAI,CH/FPD/PIPE/SCH,4,S6,6,TRUE,FALSE,CH/FPD/LINE/SIZE=040 OR CH/FPD/LINE/SIZE=050 OR CH/FPD/LINE/SIZE=065 OR CH/FPD/LINE/SIZE=080 OR CH/FPD/LINE/SIZE=090 OR CH/FPD/LINE/SIZE=100 OR CH/FPD/LINE/SIZE=125 OR CH/FPD/LINE/SIZE=150 OR CH/FPD/LINE/SIZE=650 OR CH/FPD/LINE/SIZE=950 OR CH/FPD/LINE/SIZE=001 OR CH/FPD/LINE/SIZE=051 OR CH/FPD/LINE/SIZE=101 OR CH/FPD/LINE/SIZE=151 OR CH/FPD/LINE/SIZE=201 OR CH/FPD/LINE/SIZE=999,999999,Schedule 30,Schedule 30,30,,,,,,,,,,
TAI,CH/FPD/PIPE/SCH,4,S7,7,TRUE,FALSE,NOT(CH/FPD/LINE/SIZE=040 OR CH/FPD/LINE/SIZE=050 OR CH/FPD/LINE/SIZE=065 OR CH/FPD/LINE/SIZE=080 OR CH/FPD/LINE/SIZE=090 OR CH/FPD/LINE/SIZE=100 OR CH/FPD/LINE/SIZE=125 OR CH/FPD/LINE/SIZE=150 OR CH/FPD/LINE/SIZE=200 OR CH/FPD/LINE/SIZE=250 OR CH/FPD/LINE/SIZE=300),999999,Schedule 40S,Schedule 40S,40S,,,,,,,,,,
TAI,CH/FPD/PIPE/SCH,4,S8,8,TRUE,FALSE,CH/FPD/LINE/SIZE=550 OR CH/FPD/LINE/SIZE=650 OR CH/FPD/LINE/SIZE=700 OR CH/FPD/LINE/SIZE=750 OR CH/FPD/LINE/SIZE=800 OR CH/FPD/LINE/SIZE=850 OR CH/FPD/LINE/SIZE=900 OR CH/FPD/LINE/SIZE=950 OR CH/FPD/LINE/SIZE=001 OR CH/FPD/LINE/SIZE=051 OR CH/FPD/LINE/SIZE=101 OR CH/FPD/LINE/SIZE=151 OR CH/FPD/LINE/SIZE=201 OR CH/FPD/LINE/SIZE=999,0,Schedule 40,Schedule 40,40,,,,,,,,,,
TAI,CH/FPD/PIPE/SCH,4,S9,9,TRUE,FALSE,CH/FPD/LINE/SIZE=101 OR CH/FPD/LINE/SIZE=151 OR CH/FPD/LINE/SIZE=201 OR CH/FPD/LINE/SIZE=999,999999,Schedule STD,Schedule STD,STD,,,,,,,,,,
TAI,CH/FPD/PIPE/SCH,4,T1,10,TRUE,FALSE,CH/FPD/LINE/SIZE=040 OR CH/FPD/LINE/SIZE=050 OR CH/FPD/LINE/SIZE=065 OR CH/FPD/LINE/SIZE=080 OR CH/FPD/LINE/SIZE=090 OR CH/FPD/LINE/SIZE=100 OR CH/FPD/LINE/SIZE=125 OR CH/FPD/LINE/SIZE=150 OR CH/FPD/LINE/SIZE=650 OR CH/FPD/LINE/SIZE=700 OR CH/FPD/LINE/SIZE=750 OR CH/FPD/LINE/SIZE=800 OR CH/FPD/LINE/SIZE=850 OR CH/FPD/LINE/SIZE=900 OR CH/FPD/LINE/SIZE=950 OR CH/FPD/LINE/SIZE=001 OR CH/FPD/LINE/SIZE=051 OR CH/FPD/LINE/SIZE=101 OR CH/FPD/LINE/SIZE=151 OR CH/FPD/LINE/SIZE=201 OR CH/FPD/LINE/SIZE=999,999999,Schedule 60,Schedule 60,60,,,,,,,,,,
TAI,CH/FPD/PIPE/SCH,4,T2,11,TRUE,FALSE,NOT(CH/FPD/LINE/SIZE=040 OR CH/FPD/LINE/SIZE=050 OR CH/FPD/LINE/SIZE=065 OR CH/FPD/LINE/SIZE=080 OR CH/FPD/LINE/SIZE=090 OR CH/FPD/LINE/SIZE=100 OR CH/FPD/LINE/SIZE=125 OR CH/FPD/LINE/SIZE=150 OR CH/FPD/LINE/SIZE=200 OR CH/FPD/LINE/SIZE=250 OR CH/FPD/LINE/SIZE=300),999999,Schedule 80S,Schedule 80S,80S,,,,,,,,,,
TAI,CH/FPD/PIPE/SCH,4,T3,12,TRUE,FALSE,CH/FPD/LINE/SIZE=550 OR CH/FPD/LINE/SIZE=650 OR CH/FPD/LINE/SIZE=700 OR CH/FPD/LINE/SIZE=750 OR CH/FPD/LINE/SIZE=800 OR CH/FPD/LINE/SIZE=850 OR CH/FPD/LINE/SIZE=900 OR CH/FPD/LINE/SIZE=950 OR CH/FPD/LINE/SIZE=001 OR CH/FPD/LINE/SIZE=051 OR CH/FPD/LINE/SIZE=101 OR CH/FPD/LINE/SIZE=151 OR CH/FPD/LINE/SIZE=201 OR CH/FPD/LINE/SIZE=999,0,Schedule 80,Schedule 80,80,,,,,,,,,,
TAI,CH/FPD/PIPE/SCH,4,T4,13,TRUE,FALSE,CH/FPD/LINE/SIZE=101 OR CH/FPD/LINE/SIZE=151 OR CH/FPD/LINE/SIZE=201 OR CH/FPD/LINE/SIZE=999,999999,Schedule XS,Schedule XS,XS,,,,,,,,,,
TAI,CH/FPD/PIPE/SCH,4,T5,14,TRUE,FALSE,CH/FPD/LINE/SIZE=040 OR CH/FPD/LINE/SIZE=050 OR CH/FPD/LINE/SIZE=065 OR CH/FPD/LINE/SIZE=080 OR CH/FPD/LINE/SIZE=090 OR CH/FPD/LINE/SIZE=100 OR CH/FPD/LINE/SIZE=125 OR CH/FPD/LINE/SIZE=150 OR CH/FPD/LINE/SIZE=650 OR CH/FPD/LINE/SIZE=700 OR CH/FPD/LINE/SIZE=750 OR CH/FPD/LINE/SIZE=800 OR CH/FPD/LINE/SIZE=850 OR CH/FPD/LINE/SIZE=900 OR CH/FPD/LINE/SIZE=950 OR CH/FPD/LINE/SIZE=001 OR CH/FPD/LINE/SIZE=051 OR CH/FPD/LINE/SIZE=101 OR CH/FPD/LINE/SIZE=151 OR CH/FPD/LINE/SIZE=201 OR CH/FPD/LINE/SIZE=999,999999,Schedule 100,Schedule 100,100,,,,,,,,,,
TAI,CH/FPD/PIPE/SCH,4,T6,15,TRUE,FALSE,CH/FPD/LINE/SIZE=040 OR CH/FPD/LINE/SIZE=050 OR CH/FPD/LINE/SIZE=065 OR CH/FPD/LINE/SIZE=080 OR CH/FPD/LINE/SIZE=090 OR CH/FPD/LINE/SIZE=650 OR CH/FPD/LINE/SIZE=700 OR CH/FPD/LINE/SIZE=750 OR CH/FPD/LINE/SIZE=800 OR CH/FPD/LINE/SIZE=850 OR CH/FPD/LINE/SIZE=900 OR CH/FPD/LINE/SIZE=950 OR CH/FPD/LINE/SIZE=001 OR CH/FPD/LINE/SIZE=051 OR CH/FPD/LINE/SIZE=101 OR CH/FPD/LINE/SIZE=151 OR CH/FPD/LINE/SIZE=201 OR CH/FPD/LINE/SIZE=999,999999,Schedule 120,Schedule 120,120,,,,,,,,,,
TAI,CH/FPD/PIPE/SCH,4,T7,16,TRUE,FALSE,CH/FPD/LINE/SIZE=040 OR CH/FPD/LINE/SIZE=050 OR CH/FPD/LINE/SIZE=065 OR CH/FPD/LINE/SIZE=080 OR CH/FPD/LINE/SIZE=090 OR CH/FPD/LINE/SIZE=100 OR CH/FPD/LINE/SIZE=125 OR CH/FPD/LINE/SIZE=150 OR CH/FPD/LINE/SIZE=650 OR CH/FPD/LINE/SIZE=700 OR CH/FPD/LINE/SIZE=750 OR CH/FPD/LINE/SIZE=800 OR CH/FPD/LINE/SIZE=850 OR CH/FPD/LINE/SIZE=900 OR CH/FPD/LINE/SIZE=950 OR CH/FPD/LINE/SIZE=001 OR CH/FPD/LINE/SIZE=051 OR CH/FPD/LINE/SIZE=101 OR CH/FPD/LINE/SIZE=151 OR CH/FPD/LINE/SIZE=201 OR CH/FPD/LINE/SIZE=999,999999,Schedule 140,Schedule 140,140,,,,,,,,,,
TAI,CH/FPD/PIPE/SCH,4,T8,17,TRUE,FALSE,CH/FPD/LINE/SIZE=090 OR CH/FPD/LINE/SIZE=650 OR CH/FPD/LINE/SIZE=700 OR CH/FPD/LINE/SIZE=750 OR CH/FPD/LINE/SIZE=800 OR CH/FPD/LINE/SIZE=850 OR CH/FPD/LINE/SIZE=900 OR CH/FPD/LINE/SIZE=950 OR CH/FPD/LINE/SIZE=001 OR CH/FPD/LINE/SIZE=051 OR CH/FPD/LINE/SIZE=101 OR CH/FPD/LINE/SIZE=151 OR CH/FPD/LINE/SIZE=201 OR CH/FPD/LINE/SIZE=999,999999,Schedule 160,Schedule 160,160,,,,,,,,,,
TAI,CH/FPD/PIPE/SCH,4,T9,18,TRUE,FALSE,NOT(CH/FPD/LINE/SIZE=040 OR CH/FPD/LINE/SIZE=050 OR CH/FPD/LINE/SIZE=065 OR CH/FPD/LINE/SIZE=080 OR CH/FPD/LINE/SIZE=090 OR CH/FPD/LINE/SIZE=100 OR CH/FPD/LINE/SIZE=125 OR CH/FPD/LINE/SIZE=150 OR CH/FPD/LINE/SIZE=200 OR CH/FPD/LINE/SIZE=250 OR CH/FPD/LINE/SIZE=300),999999,Schedule XXS,Schedule XXS,XXS,,,,,,,,,,
TAI,CH/FPD/PIPE/SCH,4,Z9,19,TRUE,FALSE,,999999,Others,Others,Customer,,,,,,,,,,
TAI,CH/FPD/NONELEM/MAT,5,C3,1,TRUE,FALSE,,0,Carbon Steel,Carbon Steel,,,,,,,,,,,
TAI,CH/FPD/NONELEM/MAT,5,S6,2,TRUE,FALSE,,0,316/316L Stainless Steel,316/316L Stainless Steel,,,,,,,,,,,
TAI,CH/FPD/NONELEM/MAT,5,K3,3,TRUE,FALSE,,0,5Cr-½Mo Low Alloy F5 (UNS K41545),5Cr-½Mo Low Alloy F5 (UNS K41545),,,,,,,,,,,
TAI,CH/FPD/NONELEM/MAT,5,F6,4,TRUE,FALSE,,0,9Cr-1Mo Low Alloy F9 (UNS K90941),9Cr-1Mo Low Alloy F9 (UNS K90941),,,,,,,,,,,
TAI,CH/FPD/NONELEM/MAT,5,K4,5,TRUE,FALSE,,999999,1¼Cr-½Mo Low Alloy F11 (UNS K11597),1¼Cr-½Mo Low Alloy F11 (UNS K11597),,,,,,,,,,,
TAI,CH/FPD/NONELEM/MAT,5,K5,6,TRUE,FALSE,,999999,2¼Cr-1Mo Low Alloy F22 (UNS K21590),2¼Cr-1Mo Low Alloy F22 (UNS K21590),,,,,,,,,,,
TAI,CH/FPD/NONELEM/MAT,5,F7,7,TRUE,FALSE,,999999,9Cr-1Mo-V Low Alloy F91 (UNS K91560),9Cr-1Mo-V Low Alloy F91 (UNS K91560),,,,,,,,,,,
TAI,CH/FPD/NONELEM/MAT,5,S4,8,TRUE,FALSE,,999999,304/304L Stainless Steel,304/304L Stainless Steel,,,,,,,,,,,
TAI,CH/FPD/NONELEM/MAT,5,H6,9,TRUE,FALSE,,999999,316H Stainless Steel,316H Stainless Steel,,,,,,,,,,,
TAI,CH/FPD/NONELEM/MAT,5,H4,10,TRUE,FALSE,,999999,304H Stainless Steel,304H Stainless Steel,,,,,,,,,,,
TAI,CH/FPD/NONELEM/MAT,5,C4,11,TRUE,FALSE,,999999,Low Temp Carbon Steel,Low Temp Carbon Steel,,,,,,,,,,,
TAI,CH/FPD/NONELEM/MAT,5,C5,12,TRUE,FALSE,,999999,High Yield Carbon Steel (Gr 52),High Yield Carbon Steel (Gr 52),,,,,,,,,,,
TAI,CH/FPD/NONELEM/MAT,5,C6,13,TRUE,FALSE,,999999,High Yield Carbon Steel (Gr 65),High Yield Carbon Steel (Gr 65),,,,,,,,,,,
TAI,CH/FPD/NONELEM/MAT,5,C7,14,TRUE,FALSE,,999999,High Yield Carbon Steel (Gr 60),High Yield Carbon Steel (Gr 60),,,,,,,,,,,
TAI,CH/FPD/NONELEM/MAT,5,S3,15,TRUE,FALSE,,999999,310 Stainless Steel,310 Stainless Steel,,,,,,,,,,,
TAI,CH/FPD/NONELEM/MAT,5,S2,16,TRUE,FALSE,,999999,321 Stainless Steel,321 Stainless Steel,,,,,,,,,,,
TAI,CH/FPD/NONELEM/MAT,5,S1,17,TRUE,FALSE,,999999,321H Stainless Steel,321H Stainless Steel,,,,,,,,,,,
TAI,CH/FPD/NONELEM/MAT,5,S5,18,TRUE,FALSE,,999999,347 Stainless Steel,347 Stainless Steel,,,,,,,,,,,
TAI,CH/FPD/NONELEM/MAT,5,S7,19,TRUE,FALSE,,999999,347H Stainless Steel,347H Stainless Steel,,,,,,,,,,,
TAI,CH/FPD/NONELEM/MAT,5,S8,20,TRUE,FALSE,,999999,317/317L Stainless Steel,317/317L Stainless Steel,,,,,,,,,,,
TAI,CH/FPD/NONELEM/MAT,5,S9,21,TRUE,FALSE,,999999,904L Stainless Steel,904L Stainless Steel,,,,,,,,,,,
TAI,CH/FPD/NONELEM/MAT,5,D1,22,TRUE,FALSE,,999999,22% Cr Duplex (UNS S31803),22% Cr Duplex (UNS S31803),,,,,,,,,,,
TAI,CH/FPD/NONELEM/MAT,5,D2,23,TRUE,FALSE,,999999,25% Cr Super Duplex (UNS S32750),25% Cr Super Duplex (UNS S32750),,,,,,,,,,,
TAI,CH/FPD/NONELEM/MAT,5,D3,24,TRUE,FALSE,,999999,25% Cr Super Duplex (UNS S32760),25% Cr Super Duplex (UNS S32760),,,,,,,,,,,
TAI,CH/FPD/NONELEM/MAT,5,M1,25,TRUE,FALSE,,999999,6% Mo SS (UNS S31254),6% Mo SS (UNS S31254),,,,,,,,,,,
TAI,CH/FPD/NONELEM/MAT,5,U1,26,TRUE,FALSE,,999999,Alloy 20 (UNS N08020),Alloy 20 (UNS N08020),,,,,,,,,,,
TAI,CH/FPD/NONELEM/MAT,5,U2,27,TRUE,FALSE,,999999,Alloy 200 (UNS N02200),Alloy 200 (UNS N02200),,,,,,,,,,,
TAI,CH/FPD/NONELEM/MAT,5,M4,28,TRUE,FALSE,,999999,Alloy 400 (UNS N04400),Alloy 400 (UNS N04400),,,,,,,,,,,
TAI,CH/FPD/NONELEM/MAT,5,U3,29,TRUE,FALSE,,999999,Alloy 600 (UNS N06600),Alloy 600 (UNS N06600),,,,,,,,,,,
TAI,CH/FPD/NONELEM/MAT,5,N2,30,TRUE,FALSE,,999999,Alloy 625 (UNS N06625),Alloy 625 (UNS N06625),,,,,,,,,,,
TAI,CH/FPD/NONELEM/MAT,5,U4,31,TRUE,FALSE,,999999,Alloy 800 (UNS N08800),Alloy 800 (UNS N08800),,,,,,,,,,,
TAI,CH/FPD/NONELEM/MAT,5,U5,32,TRUE,FALSE,,999999,Alloy 825 (UNS N08825),Alloy 825 (UNS N08825),,,,,,,,,,,
TAI,CH/FPD/NONELEM/MAT,5,U6,33,TRUE,FALSE,,999999,Alloy C-22 (UNS N06022),Alloy C-22 (UNS N06022),,,,,,,,,,,
TAI,CH/FPD/NONELEM/MAT,5,U7,34,TRUE,FALSE,,999999,Alloy C-276 (UNS N010276),Alloy C-276 (UNS N010276),,,,,,,,,,,
TAI,CH/FPD/NONELEM/MAT,5,P2,35,TRUE,FALSE,,999999,90/10 CuNi (UNS C70600),90/10 CuNi (UNS C70600),,,,,,,,,,,
TAI,CH/FPD/NONELEM/MAT,5,T2,36,TRUE,FALSE,,999999,Titanium Grade 2,Titanium Grade 2,,,,,,,,,,,
TAI,CH/FPD/NONELEM/MAT,5,T5,37,TRUE,FALSE,,999999,Titanium Grade 5,Titanium Grade 5,,,,,,,,,,,
TAI,CH/FPD/NONELEM/MAT,5,L1,38,TRUE,FALSE,,999999,Tantalum,Tantalum,,,,,,,,,,,
TAI,CH/FPD/NONELEM/MAT,5,Z9,39,TRUE,FALSE,,999999,Others,Others,Customer,,,,,,,,,,
TAI,CH/FPD/ELEM/MAT,6,C3,1,TRUE,FALSE,NOT(CH/FPD/NONELEM/MAT=C3 OR CH/FPD/NONELEM/MAT=C4),0,Carbon Steel,Carbon Steel,,,,,,,,,,,
TAI,CH/FPD/ELEM/MAT,6,S6,2,TRUE,FALSE,NOT(CH/FPD/NONELEM/MAT=C3 OR CH/FPD/NONELEM/MAT=C4 OR CH/FPD/NONELEM/MAT=S6 OR CH/FPD/NONELEM/MAT=S4),0,316/316L Stainless Steel,316/316L Stainless Steel,,,,,,,,,,,
TAI,CH/FPD/ELEM/MAT,6,C4,3,TRUE,FALSE,NOT(CH/FPD/NONELEM/MAT=C3 OR CH/FPD/NONELEM/MAT=C4),999999,Low Temp Carbon Steel,Low Temp Carbon Steel,,,,,,,,,,,
TAI,CH/FPD/ELEM/MAT,6,K3,4,TRUE,FALSE,NOT(CH/FPD/NONELEM/MAT=K3),0,5Cr-½Mo Low Alloy F5 (UNS K41545),5Cr-½Mo Low Alloy F5 (UNS K41545),,,,,,,,,,,
TAI,CH/FPD/ELEM/MAT,6,F6,5,TRUE,FALSE,NOT(CH/FPD/NONELEM/MAT=F6),0,9Cr-1Mo Low Alloy F9 (UNS K90941),9Cr-1Mo Low Alloy F9 (UNS K90941),,,,,,,,,,,
TAI,CH/FPD/ELEM/MAT,6,K4,6,TRUE,FALSE,NOT(CH/FPD/NONELEM/MAT=K4),999999,1¼Cr-½Mo Low Alloy F11 (UNS K11597),1¼Cr-½Mo Low Alloy F11 (UNS K11597),,,,,,,,,,,
TAI,CH/FPD/ELEM/MAT,6,K5,7,TRUE,FALSE,NOT(CH/FPD/NONELEM/MAT=K5),999999,2¼Cr-1Mo Low Alloy F22 (UNS K21590),2¼Cr-1Mo Low Alloy F22 (UNS K21590),,,,,,,,,,,
TAI,CH/FPD/ELEM/MAT,6,F7,8,TRUE,FALSE,NOT(CH/FPD/NONELEM/MAT=F7),999999,9Cr-1Mo-V Low Alloy F91 (UNS K91560),9Cr-1Mo-V Low Alloy F91 (UNS K91560),,,,,,,,,,,
TAI,CH/FPD/ELEM/MAT,6,S4,9,TRUE,FALSE,NOT(CH/FPD/NONELEM/MAT=C3 OR CH/FPD/NONELEM/MAT=C4 OR CH/FPD/NONELEM/MAT=S6 OR CH/FPD/NONELEM/MAT=S4),999999,304/304L Stainless Steel,304/304L Stainless Steel,,,,,,,,,,,
TAI,CH/FPD/ELEM/MAT,6,H6,10,TRUE,FALSE,,999999,316H Stainless Steel,316H Stainless Steel,,,,,,,,,,,
TAI,CH/FPD/ELEM/MAT,6,H4,11,TRUE,FALSE,,999999,304H Stainless Steel,304H Stainless Steel,,,,,,,,,,,
TAI,CH/FPD/ELEM/MAT,6,C5,12,TRUE,FALSE,,999999,High Yield Carbon Steel (Gr 52),High Yield Carbon Steel (Gr 52),,,,,,,,,,,
TAI,CH/FPD/ELEM/MAT,6,C6,13,TRUE,FALSE,,999999,High Yield Carbon Steel (Gr 65),High Yield Carbon Steel (Gr 65),,,,,,,,,,,
TAI,CH/FPD/ELEM/MAT,6,C7,14,TRUE,FALSE,,999999,High Yield Carbon Steel (Gr 60),High Yield Carbon Steel (Gr 60),,,,,,,,,,,
TAI,CH/FPD/ELEM/MAT,6,S3,15,TRUE,FALSE,,999999,310 Stainless Steel,310 Stainless Steel,,,,,,,,,,,
TAI,CH/FPD/ELEM/MAT,6,S2,16,TRUE,FALSE,,999999,321 Stainless Steel,321 Stainless Steel,,,,,,,,,,,
TAI,CH/FPD/ELEM/MAT,6,S1,17,TRUE,FALSE,,999999,321H Stainless Steel,321H Stainless Steel,,,,,,,,,,,
TAI,CH/FPD/ELEM/MAT,6,S5,18,TRUE,FALSE,,999999,347 Stainless Steel,347 Stainless Steel,,,,,,,,,,,
TAI,CH/FPD/ELEM/MAT,6,S7,19,TRUE,FALSE,,999999,347H Stainless Steel,347H Stainless Steel,,,,,,,,,,,
TAI,CH/FPD/ELEM/MAT,6,S8,20,TRUE,FALSE,,999999,317/317L Stainless Steel,317/317L Stainless Steel,,,,,,,,,,,
TAI,CH/FPD/ELEM/MAT,6,S9,21,TRUE,FALSE,,999999,904L Stainless Steel,904L Stainless Steel,,,,,,,,,,,
TAI,CH/FPD/ELEM/MAT,6,D1,22,TRUE,FALSE,,999999,22% Cr Duplex (UNS S31803),22% Cr Duplex (UNS S31803),,,,,,,,,,,
TAI,CH/FPD/ELEM/MAT,6,D2,23,TRUE,FALSE,,999999,25% Cr Super Duplex (UNS S32750),25% Cr Super Duplex (UNS S32750),,,,,,,,,,,
TAI,CH/FPD/ELEM/MAT,6,D3,24,TRUE,FALSE,,999999,25% Cr Super Duplex (UNS S32760),25% Cr Super Duplex (UNS S32760),,,,,,,,,,,
TAI,CH/FPD/ELEM/MAT,6,M1,25,TRUE,FALSE,,999999,6% Mo SS (UNS S31254),6% Mo SS (UNS S31254),,,,,,,,,,,
TAI,CH/FPD/ELEM/MAT,6,U1,26,TRUE,FALSE,,999999,Alloy 20 (UNS N08020),Alloy 20 (UNS N08020),,,,,,,,,,,
TAI,CH/FPD/ELEM/MAT,6,U2,27,TRUE,FALSE,,999999,Alloy 200 (UNS N02200),Alloy 200 (UNS N02200),,,,,,,,,,,
TAI,CH/FPD/ELEM/MAT,6,M4,28,TRUE,FALSE,,999999,Alloy 400 (UNS N04400),Alloy 400 (UNS N04400),,,,,,,,,,,
TAI,CH/FPD/ELEM/MAT,6,U3,29,TRUE,FALSE,,999999,Alloy 600 (UNS N06600),Alloy 600 (UNS N06600),,,,,,,,,,,
TAI,CH/FPD/ELEM/MAT,6,N2,30,TRUE,FALSE,,999999,Alloy 625 (UNS N06625),Alloy 625 (UNS N06625),,,,,,,,,,,
TAI,CH/FPD/ELEM/MAT,6,U4,31,TRUE,FALSE,,999999,Alloy 800 (UNS N08800),Alloy 800 (UNS N08800),,,,,,,,,,,
TAI,CH/FPD/ELEM/MAT,6,U5,32,TRUE,FALSE,,999999,Alloy 825 (UNS N08825),Alloy 825 (UNS N08825),,,,,,,,,,,
TAI,CH/FPD/ELEM/MAT,6,U6,33,TRUE,FALSE,,999999,Alloy C-22 (UNS N06022),Alloy C-22 (UNS N06022),,,,,,,,,,,
TAI,CH/FPD/ELEM/MAT,6,U7,34,TRUE,FALSE,,999999,Alloy C-276 (UNS N010276),Alloy C-276 (UNS N010276),,,,,,,,,,,
TAI,CH/FPD/ELEM/MAT,6,P2,35,TRUE,FALSE,,999999,90/10 CuNi (UNS C70600),90/10 CuNi (UNS C70600),,,,,,,,,,,
TAI,CH/FPD/ELEM/MAT,6,T2,36,TRUE,FALSE,,999999,Titanium Grade 2,Titanium Grade 2,,,,,,,,,,,
TAI,CH/FPD/ELEM/MAT,6,T5,37,TRUE,FALSE,,999999,Titanium Grade 5,Titanium Grade 5,,,,,,,,,,,
TAI,CH/FPD/ELEM/MAT,6,L1,38,TRUE,FALSE,,999999,Tantalum,Tantalum,,,,,,,,,,,
TAI,CH/FPD/ELEM/MAT,6,Z9,39,TRUE,FALSE,,999999,Others,Others,Customer,,,,,,,,,,
TAI,CH/FPD/HD/RATIO,7,H2,1,TRUE,FALSE,NOT(CH/FPD/LINE/SIZE=040 OR CH/FPD/LINE/SIZE=050 OR CH/FPD/LINE/SIZE=065 OR CH/FPD/LINE/SIZE=080 OR CH/FPD/LINE/SIZE=090),0,0.2,0.2,0.2,,,,,,,,,,
TAI,CH/FPD/HD/RATIO,7,H3,2,TRUE,FALSE,,0,0.3,0.3,0.3,,,,,,,,,,
TAI,CH/FPD/HD/RATIO,7,H4,3,TRUE,FALSE,,0,0.4,0.4,0.4,,,,,,,,,,
TAI,CH/FPD/HD/RATIO,7,H5,4,TRUE,FALSE,,0,0.5,0.5,0.5,,,,,,,,,,
TAI,CH/FPD/HD/RATIO,7,H6,5,TRUE,FALSE,CH/FPD/LINE/SIZE=040,0,0.6,0.6,0.6,,,,,,,,,,
TAI,CH/FPD/HD/RATIO,7,H7,6,TRUE,FALSE,CH/FPD/LINE/SIZE=040,0,0.7,0.7,0.7,,,,,,,,,,
TAI,CH/FPD/HD/RATIO,7,Z9,7,TRUE,FALSE,,999999,Others,Others,Customer,,,,,,,,,,
TAI,CH/FPD/END/CONN/TYPE,8,R2,1,TRUE,FALSE,,0,Weld Neck End Flange - Raised Face,Weld Neck End Flange - Raised Face,,,,,,,,,,,
TAI,CH/FPD/END/CONN/TYPE,8,J2,2,TRUE,FALSE,,0,Weld Neck End Flange - RTJ,Weld Neck End Flange - RTJ,,,,,,,,,,,
TAI,CH/FPD/END/CONN/TYPE,8,F2,7,TRUE,FALSE,,999999,Weld Neck End Flange - Flat Face,Weld Neck End Flange - Flat Face,,,,,,,,,,,
TAI,CH/FPD/END/CONN/TYPE,8,P1,3,TRUE,FALSE,,999999,Weld Prepared Ends,Weld Prepared Ends,,,,,,,,,,,
TAI,CH/FPD/END/CONN/TYPE,8,R3,4,TRUE,FALSE,CH/FPD/LINE/SIZE=040 OR CH/FPD/LINE/SIZE=050 OR CH/FPD/LINE/SIZE=065 OR CH/FPD/LINE/SIZE=080,999999,Slip On Flange - Raised Face,Slip On Flange - Raised Face,,,,,,,,,,,
TAI,CH/FPD/END/CONN/TYPE,8,F3,5,TRUE,FALSE,CH/FPD/LINE/SIZE=040 OR CH/FPD/LINE/SIZE=050 OR CH/FPD/LINE/SIZE=065 OR CH/FPD/LINE/SIZE=080,999999,Slip On Flange - Flat Face,Slip On Flange - Flat Face,,,,,,,,,,,
TAI,CH/FPD/END/CONN/TYPE,8,S1,6,TRUE,FALSE,,999999,Socket Weld Flange - Raised Face,Socket Weld Flange - Raised Face,,,,,,,,,,,
TAI,CH/FPD/END/CONN/TYPE,8,Z9,8,TRUE,FALSE,,999999,Others,Others,Customer,,,,,,,,,,
TAI,CH/FPD/END/CONN/RAT,9,A1,1,TRUE,FALSE,CH/FPD/END/CONN/TYPE=P1,0,ASME Class 150,ASME Class 150,,,,,,,,,,,
TAI,CH/FPD/END/CONN/RAT,9,A3,2,TRUE,FALSE,CH/FPD/END/CONN/TYPE=P1,0,ASME Class 300,ASME Class 300,,,,,,,,,,,
TAI,CH/FPD/END/CONN/RAT,9,A6,3,TRUE,FALSE,CH/FPD/END/CONN/TYPE=P1 OR NOT(CH/FPD/LINE/SIZE=040 OR CH/FPD/LINE/SIZE=050 OR CH/FPD/LINE/SIZE=065 OR CH/FPD/LINE/SIZE=080 OR CH/FPD/LINE/SIZE=090 OR CH/FPD/LINE/SIZE=100 OR CH/FPD/LINE/SIZE=125 OR CH/FPD/LINE/SIZE=150 OR CH/FPD/LINE/SIZE=200 OR CH/FPD/LINE/SIZE=250 OR CH/FPD/LINE/SIZE=300 OR CH/FPD/LINE/SIZE=350 OR CH/FPD/LINE/SIZE=400),0,ASME Class 600,ASME Class 600,,,,,,,,,,,
TAI,CH/FPD/END/CONN/RAT,9,A7,4,TRUE,FALSE,CH/FPD/END/CONN/TYPE=P1 OR NOT(CH/FPD/LINE/SIZE=040 OR CH/FPD/LINE/SIZE=050 OR CH/FPD/LINE/SIZE=065 OR CH/FPD/LINE/SIZE=080 OR CH/FPD/LINE/SIZE=090 OR CH/FPD/LINE/SIZE=100 OR CH/FPD/LINE/SIZE=125 OR CH/FPD/LINE/SIZE=150 OR CH/FPD/LINE/SIZE=200 OR CH/FPD/LINE/SIZE=250 OR CH/FPD/LINE/SIZE=300),0,ASME Class 900,ASME Class 900,,,,,,,,,,,
TAI,CH/FPD/END/CONN/RAT,9,A8,5,TRUE,FALSE,CH/FPD/END/CONN/TYPE=P1 OR NOT(CH/FPD/LINE/SIZE=040 OR CH/FPD/LINE/SIZE=050 OR CH/FPD/LINE/SIZE=065 OR CH/FPD/LINE/SIZE=080 OR CH/FPD/LINE/SIZE=090 OR CH/FPD/LINE/SIZE=100 OR CH/FPD/LINE/SIZE=125 OR CH/FPD/LINE/SIZE=150 OR CH/FPD/LINE/SIZE=200 OR CH/FPD/LINE/SIZE=250),0,ASME Class 1500,ASME Class 1500,,,,,,,,,,,
TAI,CH/FPD/END/CONN/RAT,9,A9,6,TRUE,FALSE,CH/FPD/END/CONN/TYPE=P1 OR NOT(CH/FPD/LINE/SIZE=040 OR CH/FPD/LINE/SIZE=050 OR CH/FPD/LINE/SIZE=065 OR CH/FPD/LINE/SIZE=080 OR CH/FPD/LINE/SIZE=090 OR CH/FPD/LINE/SIZE=100 OR CH/FPD/LINE/SIZE=125 OR CH/FPD/LINE/SIZE=150 OR CH/FPD/LINE/SIZE=200),999999,ASME Class 2500,ASME Class 2500,,,,,,,,,,,
TAI,CH/FPD/END/CONN/RAT,9,D0,7,TRUE,FALSE,CH/FPD/END/CONN/TYPE=J2 OR CH/FPD/END/CONN/TYPE=P1 OR CH/FPD/END/CONN/TYPE=S1,0,DIN PN 6,DIN PN 6,,,,,,,,,,,
TAI,CH/FPD/END/CONN/RAT,9,D1,8,TRUE,FALSE,CH/FPD/END/CONN/TYPE=J2 OR CH/FPD/END/CONN/TYPE=P1 OR CH/FPD/END/CONN/TYPE=S1,0,DIN PN 10,DIN PN 10,,,,,,,,,,,
TAI,CH/FPD/END/CONN/RAT,9,D2,9,TRUE,FALSE,CH/FPD/END/CONN/TYPE=J2 OR CH/FPD/END/CONN/TYPE=P1 OR CH/FPD/END/CONN/TYPE=S1,0,DIN PN 16,DIN PN 16,,,,,,,,,,,
TAI,CH/FPD/END/CONN/RAT,9,D3,10,TRUE,FALSE,CH/FPD/END/CONN/TYPE=J2 OR CH/FPD/END/CONN/TYPE=P1 OR CH/FPD/END/CONN/TYPE=S1,0,DIN PN 25,DIN PN 25,,,,,,,,,,,
TAI,CH/FPD/END/CONN/RAT,9,D4,11,TRUE,FALSE,CH/FPD/END/CONN/TYPE=J2 OR CH/FPD/END/CONN/TYPE=P1 OR CH/FPD/END/CONN/TYPE=S1,0,DIN PN 40,DIN PN 40,,,,,,,,,,,
TAI,CH/FPD/END/CONN/RAT,9,D5,12,TRUE,FALSE,CH/FPD/END/CONN/TYPE=J2 OR CH/FPD/END/CONN/TYPE=P1 OR CH/FPD/END/CONN/TYPE=S1,0,DIN PN 63,DIN PN 63,,,,,,,,,,,
TAI,CH/FPD/END/CONN/RAT,9,D6,13,TRUE,FALSE,CH/FPD/END/CONN/TYPE=J2 OR CH/FPD/END/CONN/TYPE=P1 OR CH/FPD/END/CONN/TYPE=S1,0,DIN PN 100,DIN PN 100,,,,,,,,,,,
TAI,CH/FPD/END/CONN/RAT,9,Y0,36,TRUE,FALSE,NOT(CH/FPD/END/CONN/TYPE=P1),999999,Not Flanged,Not Flanged,Customer,,,,,,,,,,
TAI,CH/FPD/END/CONN/RAT,9,Z9,37,TRUE,FALSE,,999999,Others,Others,Customer,,,,,,,,,,
TAI,CH/FPD/TAPPING/TYPE,10,F1,1,TRUE,FALSE,CH/FPD/END/CONN/TYPE=J2 OR CH/FPD/END/CONN/TYPE=F2 OR CH/FPD/END/CONN/TYPE=F3,0,Flanged RF,Flanged RF,,,,,,,,,,,
TAI,CH/FPD/TAPPING/TYPE,10,F2,2,TRUE,FALSE,NOT(CH/FPD/END/CONN/TYPE=J2 OR CH/FPD/END/CONN/TYPE=P1 OR CH/FPD/END/CONN/TYPE=Z9),0,Flanged RTJ (not DIN),Flanged RTJ (not DIN),,,,,,,,,,,
TAI,CH/FPD/TAPPING/TYPE,10,F3,3,TRUE,FALSE,CH/FPD/END/CONN/TYPE=J2 OR CH/FPD/END/CONN/TYPE=R2 OR CH/FPD/END/CONN/TYPE=R3 OR CH/FPD/END/CONN/TYPE=S1,999999,Flanged FF (not DIN),Flanged FF (not DIN),,,,,,,,,,,
TAI,CH/FPD/TAPPING/TYPE,10,Z9,4,TRUE,FALSE,,999999,Others,Others,Customer,,,,,,,,,,
TAI,CH/FPD/TAPPING/SIZE,11,T7,1,TRUE,FALSE,,0,2 in.,2 in.,,,,,,,,,,,
TAI,CH/FPD/TAPPING/SIZE,11,T8,2,TRUE,FALSE,,0,3 in.,3 in.,,,,,,,,,,,
TAI,CH/FPD/TAPPING/SIZE,11,T9,3,TRUE,FALSE,,999999,4 in.,4 in.,,,,,,,,,,,
TAI,CH/FPD/TAPPING/SIZE,11,Z9,4,TRUE,FALSE,,999999,Others,Others,Customer,,,,,,,,,,
TAI,CH/FPD/TAPPING/RAT,12,A1,8,TRUE,FALSE,NOT(CH/FPD/TAPPING/TYPE=F1 OR CH/FPD/TAPPING/TYPE=F2 OR CH/FPD/TAPPING/TYPE=F3) OR NOT(CH/FPD/END/CONN/RAT=A1 OR CH/FPD/END/CONN/RAT=Y0),0,ASME Class 150,ASME Class 150,,,,,,,,,,,
TAI,CH/FPD/TAPPING/RAT,12,A3,9,TRUE,FALSE,NOT(CH/FPD/TAPPING/TYPE=F1 OR CH/FPD/TAPPING/TYPE=F2 OR CH/FPD/TAPPING/TYPE=F3) OR NOT(CH/FPD/END/CONN/RAT=A3 OR CH/FPD/END/CONN/RAT=Y0),0,ASME Class 300,ASME Class 300,,,,,,,,,,,
TAI,CH/FPD/TAPPING/RAT,12,A6,10,TRUE,FALSE,NOT(CH/FPD/TAPPING/TYPE=F1 OR CH/FPD/TAPPING/TYPE=F2 OR CH/FPD/TAPPING/TYPE=F3) OR NOT(CH/FPD/END/CONN/RAT=A6 OR CH/FPD/END/CONN/RAT=Y0),0,ASME Class 600,ASME Class 600,,,,,,,,,,,
TAI,CH/FPD/TAPPING/RAT,12,A7,11,TRUE,FALSE,NOT(CH/FPD/TAPPING/TYPE=F1 OR CH/FPD/TAPPING/TYPE=F2 OR CH/FPD/TAPPING/TYPE=F3) OR NOT(CH/FPD/END/CONN/RAT=A7 OR CH/FPD/END/CONN/RAT=Y0),0,ASME Class 900,ASME Class 900,,,,,,,,,,,
TAI,CH/FPD/TAPPING/RAT,12,A8,12,TRUE,FALSE,NOT(CH/FPD/TAPPING/TYPE=F1 OR CH/FPD/TAPPING/TYPE=F2 OR CH/FPD/TAPPING/TYPE=F3) OR NOT(CH/FPD/END/CONN/RAT=A8 OR CH/FPD/END/CONN/RAT=Y0),0,ASME Class 1500,ASME Class 1500,,,,,,,,,,,
TAI,CH/FPD/TAPPING/RAT,12,A9,13,TRUE,FALSE,NOT(CH/FPD/TAPPING/TYPE=F1 OR CH/FPD/TAPPING/TYPE=F2 OR CH/FPD/TAPPING/TYPE=F3) OR NOT(CH/FPD/END/CONN/RAT=A9 OR CH/FPD/END/CONN/RAT=Y0),999999,ASME Class 2500,ASME Class 2500,,,,,,,,,,,
TAI,CH/FPD/TAPPING/RAT,12,D0,14,TRUE,FALSE,NOT(CH/FPD/TAPPING/TYPE=F1) OR NOT(CH/FPD/END/CONN/RAT=D0 OR CH/FPD/END/CONN/RAT=Y0),999999,DIN PN 6,DIN PN 6,,,,,,,,,,,
TAI,CH/FPD/TAPPING/RAT,12,D1,15,TRUE,FALSE,NOT(CH/FPD/TAPPING/TYPE=F1) OR NOT(CH/FPD/END/CONN/RAT=D1 OR CH/FPD/END/CONN/RAT=Y0),0,DIN PN 10,DIN PN 10,,,,,,,,,,,
TAI,CH/FPD/TAPPING/RAT,12,D2,16,TRUE,FALSE,NOT(CH/FPD/TAPPING/TYPE=F1) OR NOT(CH/FPD/END/CONN/RAT=D2 OR CH/FPD/END/CONN/RAT=Y0),0,DIN PN 16,DIN PN 16,,,,,,,,,,,
TAI,CH/FPD/TAPPING/RAT,12,D3,17,TRUE,FALSE,NOT(CH/FPD/TAPPING/TYPE=F1) OR NOT(CH/FPD/END/CONN/RAT=D3 OR CH/FPD/END/CONN/RAT=Y0),0,DIN PN 25,DIN PN 25,,,,,,,,,,,
TAI,CH/FPD/TAPPING/RAT,12,D4,18,TRUE,FALSE,NOT(CH/FPD/TAPPING/TYPE=F1) OR NOT(CH/FPD/END/CONN/RAT=D4 OR CH/FPD/END/CONN/RAT=Y0),0,DIN PN 40,DIN PN 40,,,,,,,,,,,
TAI,CH/FPD/TAPPING/RAT,12,D5,19,TRUE,FALSE,NOT(CH/FPD/TAPPING/TYPE=F1) OR NOT(CH/FPD/END/CONN/RAT=D5 OR CH/FPD/END/CONN/RAT=Y0),0,DIN PN 63,DIN PN 63,,,,,,,,,,,
TAI,CH/FPD/TAPPING/RAT,12,D6,20,TRUE,FALSE,NOT(CH/FPD/TAPPING/TYPE=F1) OR NOT(CH/FPD/END/CONN/RAT=D6 OR CH/FPD/END/CONN/RAT=Y0),0,DIN PN 100,DIN PN 100,,,,,,,,,,,
TAI,CH/FPD/TAPPING/RAT,12,Z9,32,TRUE,FALSE,,999999,Others,Others,Customer,,,,,,,,,,
TAI,CH/FPD/TAPPING/SETS,13,TN1,1,TRUE,FALSE,,0,One Set,One Set,,,,,,,,,,,
TAI,CH/FPD/TAPPING/SETS,13,TN2,2,TRUE,FALSE,CH/FPD/LINE/SIZE=040 OR CH/FPD/LINE/SIZE=050 OR CH/FPD/LINE/SIZE=065 OR CH/FPD/LINE/SIZE=080 OR CH/FPD/LINE/SIZE=090,0,Two Sets,Two Sets,,,,,,,,,,,
TAI,CH/FPD/TAPPING/SETS,13,TN3,3,TRUE,FALSE,CH/FPD/LINE/SIZE=040 OR CH/FPD/LINE/SIZE=050 OR CH/FPD/LINE/SIZE=065 OR CH/FPD/LINE/SIZE=080 OR CH/FPD/LINE/SIZE=090 OR CH/FPD/LINE/SIZE=100 OR CH/FPD/LINE/SIZE=125 OR CH/FPD/LINE/SIZE=150,0,Three Sets,Three Sets,,,,,,,,,,,
TAI,CH/FPD/TAPPING/SETS,13,TN4,4,TRUE,FALSE,CH/FPD/LINE/SIZE=040 OR CH/FPD/LINE/SIZE=050 OR CH/FPD/LINE/SIZE=065 OR CH/FPD/LINE/SIZE=080 OR CH/FPD/LINE/SIZE=090 OR CH/FPD/LINE/SIZE=100 OR CH/FPD/LINE/SIZE=125 OR CH/FPD/LINE/SIZE=150,999999,Four Sets,Four Sets,,,,,,,,,,,
TAI,CH/FPD/TAPPING/SETS,13,TNZ,5,TRUE,FALSE,,999999,Others,Others,Customer,,,,,,,,,,
TAI,CH/FPD/ADD/REQ,14,SJ1,1,TRUE,FALSE,,999999,Steam Jacket,Steam Jacket,,,,,,,,,,,
TAI,CH/FPD/ADD/REQ,14,MS1,2,TRUE,FALSE,,0,Material source limitations apply,Material source limitations apply,,,,,,,,,,,
TAI,CH/FPD/PIPE/ORIENT,15,PNH,1,TRUE,FALSE,,0,Horizontal,Horizontal,,,,,,,,,,,
TAI,CH/FPD/PIPE/ORIENT,15,PNV,2,TRUE,FALSE,,0,Vertical,Vertical,,,,,,,,,,,
TAI,CH/FPD/WELD/CODE,16,K1,1,TRUE,FALSE,,999999,ASME B31.3 cyclic service,ASME B31.3 cyclic service,,,,,,,,,,,
TAI,CH/FPD/WELD/CODE,16,K2,2,TRUE,FALSE,,999999,ASME B31.3 category D service,ASME B31.3 category D service,,,,,,,,,,,
TAI,CH/FPD/WELD/CODE,16,K3,3,TRUE,FALSE,,999999,ASME B31.3 category M service,ASME B31.3 category M service,,,,,,,,,,,
TAI,CH/FPD/WELD/CODE,16,K4,4,TRUE,FALSE,,999999,ASME B31.4,ASME B31.4,,,,,,,,,,,
TAI,CH/FPD/WELD/CODE,16,K5,5,TRUE,FALSE,,999999,ASME B31.5,ASME B31.5,,,,,,,,,,,
TAI,CH/FPD/WELD/CODE,16,K6,6,TRUE,FALSE,,999999,PED B3.1 SEP level,PED B3.1 SEP level,,,,,,,,,,,
TAI,CH/FPD/WELD/CODE,16,K7,7,TRUE,FALSE,,999999,PED B3.1 category H,PED B3.1 category H,,,,,,,,,,,
TAI,CH/FPD/WELD/CODE,16,K9,8,TRUE,FALSE,,999999,Others,Others,,,,,,,,,,,
TAI,CH/FPD/SURFACE/TREAT,17,HF1,1,TRUE,FALSE,,0,Primer to ABB Standard (primer only),Primer to ABB Standard (primer only),,,,,,,,,,,
TAI,CH/FPD/SURFACE/TREAT,17,HF2,2,TRUE,FALSE,,0,Painted to ABB Standard (primer and top coat),Painted to ABB Standard (primer and top coat),,,,,,,,,,,
TAI,CH/FPD/SURFACE/TREAT,17,HFZ,3,TRUE,FALSE,,999999,Other (specify in detail),Other (specify in detail),,,,,,,,,,,
TAI,CH/FPD/CERTIFICATION,18,C2,1,TRUE,FALSE,,131,Material Certs acc. EN 10204 3.1,Material Certs acc. EN 10204 3.1,,,,,,,,,,,
TAI,CH/FPD/CERTIFICATION,18,C3,2,TRUE,FALSE,,999999,Material Certs acc. EN 10204 3.2,Material Certs acc. EN 10204 3.2,,,,,,,,,,,
TAI,CH/FPD/CERTIFICATION,18,CN,3,TRUE,FALSE,,22,Material acc. NACE MR0175,Material acc. NACE MR0175,,,,,,,,,,,
TAI,CH/FPD/CERTIFICATION,18,CM,4,TRUE,FALSE,,22,Material acc. NACE MR0103,Material acc. NACE MR0103,,,,,,,,,,,
TAI,CH/FPD/CERTIFICATION,18,C9,5,TRUE,FALSE,,22,Dye Penetrant Inspection,Dye Penetrant Inspection,,,,,,,,,,,
TAI,CH/FPD/CERTIFICATION,18,C8,6,TRUE,FALSE,,22,Radiography,Radiography,,,,,,,,,,,
TAI,CH/FPD/CERTIFICATION,18,CA,7,TRUE,FALSE,,101,Positive Material Identification (Niton XRF),Positive Material Identification (Niton XRF),,,,,,,,,,,
TAI,CH/FPD/CERTIFICATION,18,C6,8,TRUE,FALSE,,101,100% Dimensional Check,100% Dimensional Check,,,,,,,,,,,
TAI,CH/FPD/CERTIFICATION,18,CZ,9,TRUE,FALSE,,999999,Others,Others,,,,,,,,,,,
TAI,CH/FPD/TESTING,19,CH1,1,TRUE,FALSE,,999999,Impact Testing @ -46 °C,Impact Testing @ -46 °C,,,,,,,,,,,
TAI,CH/FPD/TESTING,19,CH2,2,TRUE,FALSE,,999999,Impact Testing @ -196 °C,Impact Testing @ -196 °C,,,,,,,,,,,
TAI,CH/FPD/TESTING,19,CH3,3,TRUE,FALSE,,999999,Hardness Survey,Hardness Survey,,,,,,,,,,,
TAI,CH/FPD/TESTING,19,CH4,4,TRUE,FALSE,,999999,HIC Testing,HIC Testing,,,,,,,,,,,
TAI,CH/FPD/TESTING,19,CH5,5,TRUE,FALSE,CH/FPD/CERTIFICATION=C9,22,Magnetic Particle Inspection (alternative to Dye Pen),Magnetic Particle Inspection (alternative to Dye Pen),,,,,,,,,,,
TAI,CH/FPD/TESTING,19,CH6,6,TRUE,FALSE,,999999,Ultrasonic Inspection,Ultrasonic Inspection,,,,,,,,,,,
TAI,CH/FPD/TESTING,19,CH7,7,TRUE,FALSE,,999999,Heat Treatment Trace,Heat Treatment Trace,,,,,,,,,,,
TAI,CH/FPD/TESTING,19,CH8,8,TRUE,FALSE,,22,Pressure Test (internal),Pressure Test (internal),,,,,,,,,,,
TAI,CH/FPD/TESTING,19,CHZ,9,TRUE,FALSE,,999999,Others,Others,,,,,,,,,,,
TAI,CH/FPD/CAL,20,RWZ,1,TRUE,FALSE,,999999,Special Calibration (specify),Special Calibration (specify),,,,,,,,,,,
TAI,CH/FPD/DOC/LANG,21,M1,1,TRUE,FALSE,,999999,German,German,,,,,,,,,,,
TAI,CH/FPD/DOC/LANG,21,M2,2,TRUE,FALSE,,999999,Italian,Italian,,,,,,,,,,,
TAI,CH/FPD/DOC/LANG,21,M3,3,TRUE,FALSE,,999999,Spanish,Spanish,,,,,,,,,,,
TAI,CH/FPD/DOC/LANG,21,M4,4,TRUE,FALSE,,999999,French,French,,,,,,,,,,,
TAI,CH/FPD/DOC/LANG,21,M5,5,TRUE,FALSE,,0,English,English,,,,,,,,,,,
TAI,CH/FPD/DOC/LANG,21,M6,6,TRUE,FALSE,,999999,Chinese,Chinese,,,,,,,,,,,
TAI,CH/FPD/DOC/LANG,21,MZ,7,TRUE,FALSE,,999999,Others,Others,,,,,,,,,,,
TAW,CH/FPD/PRODUCT/DES,1,C,1,TRUE,FALSE,,0,Chemical Tee tappings,Chemical Tee tappings,,,,,,,,,,,
TAW,CH/FPD/ORIFICE/DESIGN,2,W1,1,TRUE,FALSE,,0,Single Wedge,Single Wedge,,,,,,,,,,,
TAW,CH/FPD/LINE/SIZE,3,015,1,TRUE,FALSE,,0,DN 15 (½ in.),DN 15 (½ in.),"½""",,,,,,,,,,
TAW,CH/FPD/LINE/SIZE,3,020,2,TRUE,FALSE,,999999,DN 20 (¾ in.),DN 20 (¾ in.),"¾""",,,,,,,,,,
TAW,CH/FPD/LINE/SIZE,3,025,3,TRUE,FALSE,,0,DN 25 (1 in.),DN 25 (1 in.),"1""",,,,,,,,,,
TAW,CH/FPD/LINE/SIZE,3,032,4,TRUE,FALSE,,999999,DN 32 (1¼ in.),DN 32 (1¼ in.),"1¼""",,,,,,,,,,
TAW,CH/FPD/LINE/SIZE,3,040,5,TRUE,FALSE,,0,DN 40 (1½ in.),DN 40 (1½ in.),"1½""",,,,,,,,,,
TAW,CH/FPD/LINE/SIZE,3,050,6,TRUE,FALSE,,0,DN 50 (2 in.),DN 50 (2 in.),"2""",,,,,,,,,,
TAW,CH/FPD/LINE/SIZE,3,065,7,TRUE,FALSE,,999999,DN 65 (2½ in.),DN 65 (2½ in.),"2½""",,,,,,,,,,
TAW,CH/FPD/LINE/SIZE,3,080,8,TRUE,FALSE,,0,DN 80 (3 in.),DN 80 (3 in.),"3""",,,,,,,,,,
TAW,CH/FPD/LINE/SIZE,3,090,9,TRUE,FALSE,,0,DN 90 (3½ in.),DN 90 (3½ in.),"3½""",,,,,,,,,,
TAW,CH/FPD/LINE/SIZE,3,100,10,TRUE,FALSE,,0,DN 100 (4 in.),DN 100 (4 in.),"4""",,,,,,,,,,
TAW,CH/FPD/LINE/SIZE,3,125,11,TRUE,FALSE,,999999,DN 125 (5 in.),DN 125 (5 in.),"5""",,,,,,,,,,
TAW,CH/FPD/LINE/SIZE,3,150,12,TRUE,FALSE,,0,DN 150 (6 in.),DN 150 (6 in.),"6""",,,,,,,,,,
TAW,CH/FPD/LINE/SIZE,3,200,13,TRUE,FALSE,,0,DN 200 (8 in.),DN 200 (8 in.),"8""",,,,,,,,,,
TAW,CH/FPD/LINE/SIZE,3,250,14,TRUE,FALSE,,0,DN 250 (10 in.),DN 250 (10 in.),"10""",,,,,,,,,,
TAW,CH/FPD/LINE/SIZE,3,300,15,TRUE,FALSE,,0,DN 300 (12 in.),DN 300 (12 in.),"12""",,,,,,,,,,
TAW,CH/FPD/LINE/SIZE,3,350,16,TRUE,FALSE,,0,DN 350 (14 in.),DN 350 (14 in.),"14""",,,,,,,,,,
TAW,CH/FPD/LINE/SIZE,3,400,17,TRUE,FALSE,,0,DN 400 (16 in.),DN 400 (16 in.),"16""",,,,,,,,,,
TAW,CH/FPD/LINE/SIZE,3,450,18,TRUE,FALSE,,0,DN 450 (18 in.),DN 450 (18 in.),"18""",,,,,,,,,,
TAW,CH/FPD/LINE/SIZE,3,500,19,TRUE,FALSE,,0,DN 500 (20 in.),DN 500 (20 in.),"20""",,,,,,,,,,
TAW,CH/FPD/LINE/SIZE,3,550,20,TRUE,FALSE,,999999,DN 550 (22 in.),DN 550 (22 in.),"22""",,,,,,,,,,
TAW,CH/FPD/LINE/SIZE,3,600,21,TRUE,FALSE,,0,DN 600 (24 in.),DN 600 (24 in.),"24""",,,,,,,,,,
TAW,CH/FPD/LINE/SIZE,3,999,22,TRUE,FALSE,,999999,Others,Others,Customer,,,,,,,,,,
TAW,CH/FPD/PIPE/SCH,4,S8,1,TRUE,FALSE,,0,Schedule 40,Schedule 40,40,,,,,,,,,,
TAW,CH/FPD/PIPE/SCH,4,T3,2,TRUE,FALSE,,0,Schedule 80,Schedule 80,80,,,,,,,,,,
TAW,CH/FPD/PIPE/SCH,4,S1,3,TRUE,FALSE,,999999,Schedule 5S,Schedule 5S,5S,,,,,,,,,,
TAW,CH/FPD/PIPE/SCH,4,S2,4,TRUE,FALSE,,999999,Schedule 5,Schedule 5,5,,,,,,,,,,
TAW,CH/FPD/PIPE/SCH,4,S3,5,TRUE,FALSE,,999999,Schedule 10S,Schedule 10S,10S,,,,,,,,,,
TAW,CH/FPD/PIPE/SCH,4,S4,6,TRUE,FALSE,,999999,Schedule 10,Schedule 10,10,,,,,,,,,,
TAW,CH/FPD/PIPE/SCH,4,S5,7,TRUE,FALSE,,999999,Schedule 20,Schedule 20,20,,,,,,,,,,
TAW,CH/FPD/PIPE/SCH,4,S6,8,TRUE,FALSE,,999999,Schedule 30,Schedule 30,30,,,,,,,,,,
TAW,CH/FPD/PIPE/SCH,4,S7,9,TRUE,FALSE,,999999,Schedule 40S,Schedule 40S,40S,,,,,,,,,,
TAW,CH/FPD/PIPE/SCH,4,S9,10,TRUE,FALSE,CH/FPD/LINE/SIZE=040 OR CH/FPD/LINE/SIZE=050 OR CH/FPD/LINE/SIZE=065 OR CH/FPD/LINE/SIZE=080,999999,Schedule STD,Schedule STD,STD,,,,,,,,,,
TAW,CH/FPD/PIPE/SCH,4,T1,11,TRUE,FALSE,,999999,Schedule 60,Schedule 60,60,,,,,,,,,,
TAW,CH/FPD/PIPE/SCH,4,T2,12,TRUE,FALSE,,999999,Schedule 80S,Schedule 80S,80S,,,,,,,,,,
TAW,CH/FPD/PIPE/SCH,4,T4,13,TRUE,FALSE,,999999,Schedule XS,Schedule XS,XS,,,,,,,,,,
TAW,CH/FPD/PIPE/SCH,4,T5,14,TRUE,FALSE,NOT(CH/FPD/LINE/SIZE=015 OR CH/FPD/LINE/SIZE=020 OR CH/FPD/LINE/SIZE=025 OR CH/FPD/LINE/SIZE=032 OR CH/FPD/LINE/SIZE=040 OR CH/FPD/LINE/SIZE=050 OR CH/FPD/LINE/SIZE=065 OR CH/FPD/LINE/SIZE=080 OR CH/FPD/LINE/SIZE=090 OR CH/FPD/LINE/SIZE=100 OR CH/FPD/LINE/SIZE=125 OR CH/FPD/LINE/SIZE=150 OR CH/FPD/LINE/SIZE=200 OR CH/FPD/LINE/SIZE=250),999999,Schedule 100,Schedule 100,100,,,,,,,,,,
TAW,CH/FPD/PIPE/SCH,4,T6,15,TRUE,FALSE,NOT(CH/FPD/LINE/SIZE=015 OR CH/FPD/LINE/SIZE=020 OR CH/FPD/LINE/SIZE=025 OR CH/FPD/LINE/SIZE=032 OR CH/FPD/LINE/SIZE=040 OR CH/FPD/LINE/SIZE=050 OR CH/FPD/LINE/SIZE=065 OR CH/FPD/LINE/SIZE=080 OR CH/FPD/LINE/SIZE=090 OR CH/FPD/LINE/SIZE=100 OR CH/FPD/LINE/SIZE=125 OR CH/FPD/LINE/SIZE=150 OR CH/FPD/LINE/SIZE=200 OR CH/FPD/LINE/SIZE=250),999999,Schedule 120,Schedule 120,120,,,,,,,,,,
TAW,CH/FPD/PIPE/SCH,4,T7,16,TRUE,FALSE,NOT(CH/FPD/LINE/SIZE=015 OR CH/FPD/LINE/SIZE=020 OR CH/FPD/LINE/SIZE=025 OR CH/FPD/LINE/SIZE=032 OR CH/FPD/LINE/SIZE=040 OR CH/FPD/LINE/SIZE=050 OR CH/FPD/LINE/SIZE=065 OR CH/FPD/LINE/SIZE=080 OR CH/FPD/LINE/SIZE=090 OR CH/FPD/LINE/SIZE=100 OR CH/FPD/LINE/SIZE=125 OR CH/FPD/LINE/SIZE=150 OR CH/FPD/LINE/SIZE=200),999999,Schedule 140,Schedule 140,140,,,,,,,,,,
TAW,CH/FPD/PIPE/SCH,4,T8,17,TRUE,FALSE,NOT(CH/FPD/LINE/SIZE=015 OR CH/FPD/LINE/SIZE=020 OR CH/FPD/LINE/SIZE=025 OR CH/FPD/LINE/SIZE=032 OR CH/FPD/LINE/SIZE=040 OR CH/FPD/LINE/SIZE=050 OR CH/FPD/LINE/SIZE=065 OR CH/FPD/LINE/SIZE=080 OR CH/FPD/LINE/SIZE=090 OR CH/FPD/LINE/SIZE=100 OR CH/FPD/LINE/SIZE=125 OR CH/FPD/LINE/SIZE=150),999999,Schedule 160,Schedule 160,160,,,,,,,,,,
TAW,CH/FPD/PIPE/SCH,4,T9,18,TRUE,FALSE,,999999,Schedule XXS,Schedule XXS,XXS,,,,,,,,,,
TAW,CH/FPD/PIPE/SCH,4,Z9,19,TRUE,FALSE,,999999,Others,Others,Customer,,,,,,,,,,
TAW,CH/FPD/NONELEM/MAT,5,C3,1,TRUE,FALSE,,0,Carbon Steel,Carbon Steel,,,,,,,,,,,
TAW,CH/FPD/NONELEM/MAT,5,S6,2,TRUE,FALSE,,0,316/316L Stainless Steel,316/316L Stainless Steel,,,,,,,,,,,
TAW,CH/FPD/NONELEM/MAT,5,K3,3,TRUE,FALSE,,999999,5Cr-½Mo Low Alloy F5 (UNS K41545),5Cr-½Mo Low Alloy F5 (UNS K41545),,,,,,,,,,,
TAW,CH/FPD/NONELEM/MAT,5,F6,4,TRUE,FALSE,,999999,9Cr-1Mo Low Alloy F9 (UNS K90941),9Cr-1Mo Low Alloy F9 (UNS K90941),,,,,,,,,,,
TAW,CH/FPD/NONELEM/MAT,5,K4,5,TRUE,FALSE,,999999,1¼Cr-½Mo Low Alloy F11 (UNS K11597),1¼Cr-½Mo Low Alloy F11 (UNS K11597),,,,,,,,,,,
TAW,CH/FPD/NONELEM/MAT,5,K5,6,TRUE,FALSE,,999999,2¼Cr-1Mo Low Alloy F22 (UNS K21590),2¼Cr-1Mo Low Alloy F22 (UNS K21590),,,,,,,,,,,
TAW,CH/FPD/NONELEM/MAT,5,F7,7,TRUE,FALSE,,999999,9Cr-1Mo-V Low Alloy F91 (UNS K91560),9Cr-1Mo-V Low Alloy F91 (UNS K91560),,,,,,,,,,,
TAW,CH/FPD/NONELEM/MAT,5,S4,8,TRUE,FALSE,,999999,304/304L Stainless Steel,304/304L Stainless Steel,,,,,,,,,,,
TAW,CH/FPD/NONELEM/MAT,5,H6,9,TRUE,FALSE,,999999,316H Stainless Steel,316H Stainless Steel,,,,,,,,,,,
TAW,CH/FPD/NONELEM/MAT,5,H4,10,TRUE,FALSE,,999999,304H Stainless Steel,304H Stainless Steel,,,,,,,,,,,
TAW,CH/FPD/NONELEM/MAT,5,C4,11,TRUE,FALSE,,999999,Low Temp Carbon Steel,Low Temp Carbon Steel,,,,,,,,,,,
TAW,CH/FPD/NONELEM/MAT,5,C5,12,TRUE,FALSE,,999999,High Yield Carbon Steel (Gr 52),High Yield Carbon Steel (Gr 52),,,,,,,,,,,
TAW,CH/FPD/NONELEM/MAT,5,C6,13,TRUE,FALSE,,999999,High Yield Carbon Steel (Gr 65),High Yield Carbon Steel (Gr 65),,,,,,,,,,,
TAW,CH/FPD/NONELEM/MAT,5,C7,14,TRUE,FALSE,,999999,High Yield Carbon Steel (Gr 60),High Yield Carbon Steel (Gr 60),,,,,,,,,,,
TAW,CH/FPD/NONELEM/MAT,5,S3,15,TRUE,FALSE,,999999,310 Stainless Steel,310 Stainless Steel,,,,,,,,,,,
TAW,CH/FPD/NONELEM/MAT,5,S2,16,TRUE,FALSE,,999999,321 Stainless Steel,321 Stainless Steel,,,,,,,,,,,
TAW,CH/FPD/NONELEM/MAT,5,S1,17,TRUE,FALSE,,999999,321H Stainless Steel,321H Stainless Steel,,,,,,,,,,,
TAW,CH/FPD/NONELEM/MAT,5,S5,18,TRUE,FALSE,,999999,347 Stainless Steel,347 Stainless Steel,,,,,,,,,,,
TAW,CH/FPD/NONELEM/MAT,5,S7,19,TRUE,FALSE,,999999,347H Stainless Steel,347H Stainless Steel,,,,,,,,,,,
TAW,CH/FPD/NONELEM/MAT,5,S8,20,TRUE,FALSE,,999999,317/317L Stainless Steel,317/317L Stainless Steel,,,,,,,,,,,
TAW,CH/FPD/NONELEM/MAT,5,S9,21,TRUE,FALSE,,999999,904L Stainless Steel,904L Stainless Steel,,,,,,,,,,,
TAW,CH/FPD/NONELEM/MAT,5,D1,22,TRUE,FALSE,,999999,22% Cr Duplex (UNS S31803),22% Cr Duplex (UNS S31803),,,,,,,,,,,
TAW,CH/FPD/NONELEM/MAT,5,D2,23,TRUE,FALSE,,999999,25% Cr Super Duplex (UNS S32750),25% Cr Super Duplex (UNS S32750),,,,,,,,,,,
TAW,CH/FPD/NONELEM/MAT,5,D3,24,TRUE,FALSE,,999999,25% Cr Super Duplex (UNS S32760),25% Cr Super Duplex (UNS S32760),,,,,,,,,,,
TAW,CH/FPD/NONELEM/MAT,5,M1,25,TRUE,FALSE,,999999,6% Mo SS (UNS S31254),6% Mo SS (UNS S31254),,,,,,,,,,,
TAW,CH/FPD/NONELEM/MAT,5,U1,26,TRUE,FALSE,,999999,Alloy 20 (UNS N08020),Alloy 20 (UNS N08020),,,,,,,,,,,
TAW,CH/FPD/NONELEM/MAT,5,U2,27,TRUE,FALSE,,999999,Alloy 200 (UNS N02200),Alloy 200 (UNS N02200),,,,,,,,,,,
TAW,CH/FPD/NONELEM/MAT,5,M4,28,TRUE,FALSE,,999999,Alloy 400 (UNS N04400),Alloy 400 (UNS N04400),,,,,,,,,,,
TAW,CH/FPD/NONELEM/MAT,5,U3,29,TRUE,FALSE,,999999,Alloy 600 (UNS N06600),Alloy 600 (UNS N06600),,,,,,,,,,,
TAW,CH/FPD/NONELEM/MAT,5,N2,30,TRUE,FALSE,,999999,Alloy 625 (UNS N06625),Alloy 625 (UNS N06625),,,,,,,,,,,
TAW,CH/FPD/NONELEM/MAT,5,U4,31,TRUE,FALSE,,999999,Alloy 800 (UNS N08800),Alloy 800 (UNS N08800),,,,,,,,,,,
TAW,CH/FPD/NONELEM/MAT,5,U5,32,TRUE,FALSE,,999999,Alloy 825 (UNS N08825),Alloy 825 (UNS N08825),,,,,,,,,,,
TAW,CH/FPD/NONELEM/MAT,5,U6,33,TRUE,FALSE,,999999,Alloy C-22 (UNS N06022),Alloy C-22 (UNS N06022),,,,,,,,,,,
TAW,CH/FPD/NONELEM/MAT,5,U7,34,TRUE,FALSE,,999999,Alloy C-276 (UNS N010276),Alloy C-276 (UNS N010276),,,,,,,,,,,
TAW,CH/FPD/NONELEM/MAT,5,P2,35,TRUE,FALSE,,999999,90/10 CuNi (UNS C70600),90/10 CuNi (UNS C70600),,,,,,,,,,,
TAW,CH/FPD/NONELEM/MAT,5,T2,36,TRUE,FALSE,,999999,Titanium Grade 2,Titanium Grade 2,,,,,,,,,,,
TAW,CH/FPD/NONELEM/MAT,5,T5,37,TRUE,FALSE,,999999,Titanium Grade 5,Titanium Grade 5,,,,,,,,,,,
TAW,CH/FPD/NONELEM/MAT,5,L1,38,TRUE,FALSE,,999999,Tantalum,Tantalum,,,,,,,,,,,
TAW,CH/FPD/NONELEM/MAT,5,Z9,39,TRUE,FALSE,,999999,Others,Others,Customer,,,,,,,,,,
TAW,CH/FPD/ELEM/MAT,6,C3,1,TRUE,FALSE,NOT(CH/FPD/NONELEM/MAT=C3 OR CH/FPD/NONELEM/MAT=C4),0,Carbon Steel,Carbon Steel,,,,,,,,,,,
TAW,CH/FPD/ELEM/MAT,6,S6,2,TRUE,FALSE,NOT(CH/FPD/NONELEM/MAT=C3 OR CH/FPD/NONELEM/MAT=C4 OR CH/FPD/NONELEM/MAT=S6 OR CH/FPD/NONELEM/MAT=S4),0,316/316L Stainless Steel,316/316L Stainless Steel,,,,,,,,,,,
TAW,CH/FPD/ELEM/MAT,6,C4,3,TRUE,FALSE,NOT(CH/FPD/NONELEM/MAT=C3 OR CH/FPD/NONELEM/MAT=C4),999999,Low Temp Carbon Steel,Low Temp Carbon Steel,,,,,,,,,,,
TAW,CH/FPD/ELEM/MAT,6,K3,4,TRUE,FALSE,NOT(CH/FPD/NONELEM/MAT=K3),0,5Cr-½Mo Low Alloy F5 (UNS K41545),5Cr-½Mo Low Alloy F5 (UNS K41545),,,,,,,,,,,
TAW,CH/FPD/ELEM/MAT,6,F6,5,TRUE,FALSE,NOT(CH/FPD/NONELEM/MAT=F6),0,9Cr-1Mo Low Alloy F9 (UNS K90941),9Cr-1Mo Low Alloy F9 (UNS K90941),,,,,,,,,,,
TAW,CH/FPD/ELEM/MAT,6,K4,6,TRUE,FALSE,NOT(CH/FPD/NONELEM/MAT=K4),999999,1¼Cr-½Mo Low Alloy F11 (UNS K11597),1¼Cr-½Mo Low Alloy F11 (UNS K11597),,,,,,,,,,,
TAW,CH/FPD/ELEM/MAT,6,K5,7,TRUE,FALSE,NOT(CH/FPD/NONELEM/MAT=K5),999999,2¼Cr-1Mo Low Alloy F22 (UNS K21590),2¼Cr-1Mo Low Alloy F22 (UNS K21590),,,,,,,,,,,
TAW,CH/FPD/ELEM/MAT,6,F7,8,TRUE,FALSE,NOT(CH/FPD/NONELEM/MAT=F7),999999,9Cr-1Mo-V Low Alloy F91 (UNS K91560),9Cr-1Mo-V Low Alloy F91 (UNS K91560),,,,,,,,,,,
TAW,CH/FPD/ELEM/MAT,6,S4,9,TRUE,FALSE,NOT(CH/FPD/NONELEM/MAT=C3 OR CH/FPD/NONELEM/MAT=C4 OR CH/FPD/NONELEM/MAT=S6 OR CH/FPD/NONELEM/MAT=S4),999999,304/304L Stainless Steel,304/304L Stainless Steel,,,,,,,,,,,
TAW,CH/FPD/ELEM/MAT,6,H6,10,TRUE,FALSE,,999999,316H Stainless Steel,316H Stainless Steel,,,,,,,,,,,
TAW,CH/FPD/ELEM/MAT,6,H4,11,TRUE,FALSE,,999999,304H Stainless Steel,304H Stainless Steel,,,,,,,,,,,
TAW,CH/FPD/ELEM/MAT,6,C5,12,TRUE,FALSE,,999999,High Yield Carbon Steel (Gr 52),High Yield Carbon Steel (Gr 52),,,,,,,,,,,
TAW,CH/FPD/ELEM/MAT,6,C6,13,TRUE,FALSE,,999999,High Yield Carbon Steel (Gr 65),High Yield Carbon Steel (Gr 65),,,,,,,,,,,
TAW,CH/FPD/ELEM/MAT,6,C7,14,TRUE,FALSE,,999999,High Yield Carbon Steel (Gr 60),High Yield Carbon Steel (Gr 60),,,,,,,,,,,
TAW,CH/FPD/ELEM/MAT,6,S3,15,TRUE,FALSE,,999999,310 Stainless Steel,310 Stainless Steel,,,,,,,,,,,
TAW,CH/FPD/ELEM/MAT,6,S2,16,TRUE,FALSE,,999999,321 Stainless Steel,321 Stainless Steel,,,,,,,,,,,
TAW,CH/FPD/ELEM/MAT,6,S1,17,TRUE,FALSE,,999999,321H Stainless Steel,321H Stainless Steel,,,,,,,,,,,
TAW,CH/FPD/ELEM/MAT,6,S5,18,TRUE,FALSE,,999999,347 Stainless Steel,347 Stainless Steel,,,,,,,,,,,
TAW,CH/FPD/ELEM/MAT,6,S7,19,TRUE,FALSE,,999999,347H Stainless Steel,347H Stainless Steel,,,,,,,,,,,
TAW,CH/FPD/ELEM/MAT,6,S8,20,TRUE,FALSE,,999999,317/317L Stainless Steel,317/317L Stainless Steel,,,,,,,,,,,
TAW,CH/FPD/ELEM/MAT,6,S9,21,TRUE,FALSE,,999999,904L Stainless Steel,904L Stainless Steel,,,,,,,,,,,
TAW,CH/FPD/ELEM/MAT,6,D1,22,TRUE,FALSE,,999999,22% Cr Duplex (UNS S31803),22% Cr Duplex (UNS S31803),,,,,,,,,,,
TAW,CH/FPD/ELEM/MAT,6,D2,23,TRUE,FALSE,,999999,25% Cr Super Duplex (UNS S32750),25% Cr Super Duplex (UNS S32750),,,,,,,,,,,
TAW,CH/FPD/ELEM/MAT,6,D3,24,TRUE,FALSE,,999999,25% Cr Super Duplex (UNS S32760),25% Cr Super Duplex (UNS S32760),,,,,,,,,,,
TAW,CH/FPD/ELEM/MAT,6,M1,25,TRUE,FALSE,,999999,6% Mo SS (UNS S31254),6% Mo SS (UNS S31254),,,,,,,,,,,
TAW,CH/FPD/ELEM/MAT,6,U1,26,TRUE,FALSE,,999999,Alloy 20 (UNS N08020),Alloy 20 (UNS N08020),,,,,,,,,,,
TAW,CH/FPD/ELEM/MAT,6,U2,27,TRUE,FALSE,,999999,Alloy 200 (UNS N02200),Alloy 200 (UNS N02200),,,,,,,,,,,
TAW,CH/FPD/ELEM/MAT,6,M4,28,TRUE,FALSE,,999999,Alloy 400 (UNS N04400),Alloy 400 (UNS N04400),,,,,,,,,,,
TAW,CH/FPD/ELEM/MAT,6,U3,29,TRUE,FALSE,,999999,Alloy 600 (UNS N06600),Alloy 600 (UNS N06600),,,,,,,,,,,
TAW,CH/FPD/ELEM/MAT,6,N2,30,TRUE,FALSE,,999999,Alloy 625 (UNS N06625),Alloy 625 (UNS N06625),,,,,,,,,,,
TAW,CH/FPD/ELEM/MAT,6,U4,31,TRUE,FALSE,,999999,Alloy 800 (UNS N08800),Alloy 800 (UNS N08800),,,,,,,,,,,
TAW,CH/FPD/ELEM/MAT,6,U5,32,TRUE,FALSE,,999999,Alloy 825 (UNS N08825),Alloy 825 (UNS N08825),,,,,,,,,,,
TAW,CH/FPD/ELEM/MAT,6,U6,33,TRUE,FALSE,,999999,Alloy C-22 (UNS N06022),Alloy C-22 (UNS N06022),,,,,,,,,,,
TAW,CH/FPD/ELEM/MAT,6,U7,34,TRUE,FALSE,,999999,Alloy C-276 (UNS N010276),Alloy C-276 (UNS N010276),,,,,,,,,,,
TAW,CH/FPD/ELEM/MAT,6,P2,35,TRUE,FALSE,,999999,90/10 CuNi (UNS C70600),90/10 CuNi (UNS C70600),,,,,,,,,,,
TAW,CH/FPD/ELEM/MAT,6,T2,36,TRUE,FALSE,,999999,Titanium Grade 2,Titanium Grade 2,,,,,,,,,,,
TAW,CH/FPD/ELEM/MAT,6,T5,37,TRUE,FALSE,,999999,Titanium Grade 5,Titanium Grade 5,,,,,,,,,,,
TAW,CH/FPD/ELEM/MAT,6,L1,38,TRUE,FALSE,,999999,Tantalum,Tantalum,,,,,,,,,,,
TAW,CH/FPD/ELEM/MAT,6,Z9,39,TRUE,FALSE,,999999,Others,Others,Customer,,,,,,,,,,
TAW,CH/FPD/HD/RATIO,7,H2,1,TRUE,FALSE,NOT(CH/FPD/LINE/SIZE=015 OR CH/FPD/LINE/SIZE=020 OR CH/FPD/LINE/SIZE=025 OR CH/FPD/LINE/SIZE=032 OR CH/FPD/LINE/SIZE=040 OR CH/FPD/LINE/SIZE=050 OR CH/FPD/LINE/SIZE=065 OR CH/FPD/LINE/SIZE=080 OR CH/FPD/LINE/SIZE=090),0,0.2,0.2,0.2,,,,,,,,,,
TAW,CH/FPD/HD/RATIO,7,H3,2,TRUE,FALSE,,0,0.3,0.3,0.3,,,,,,,,,,
TAW,CH/FPD/HD/RATIO,7,H4,3,TRUE,FALSE,,0,0.4,0.4,0.4,,,,,,,,,,
TAW,CH/FPD/HD/RATIO,7,H5,4,TRUE,FALSE,,0,0.5,0.5,0.5,,,,,,,,,,
TAW,CH/FPD/HD/RATIO,7,H6,5,TRUE,FALSE,CH/FPD/LINE/SIZE=015 OR CH/FPD/LINE/SIZE=020 OR CH/FPD/LINE/SIZE=025 OR CH/FPD/LINE/SIZE=032 OR CH/FPD/LINE/SIZE=040,0,0.6,0.6,0.6,,,,,,,,,,
TAW,CH/FPD/HD/RATIO,7,H7,6,TRUE,FALSE,CH/FPD/LINE/SIZE=015 OR CH/FPD/LINE/SIZE=020 OR CH/FPD/LINE/SIZE=025 OR CH/FPD/LINE/SIZE=032 OR CH/FPD/LINE/SIZE=040,0,0.7,0.7,0.7,,,,,,,,,,
TAW,CH/FPD/HD/RATIO,7,Z9,7,TRUE,FALSE,,999999,Others,Others,Customer,,,,,,,,,,
TAW,CH/FPD/END/CONN/TYPE,8,R2,1,TRUE,FALSE,CH/FPD/LINE/SIZE=015 OR CH/FPD/LINE/SIZE=020 OR CH/FPD/LINE/SIZE=025 OR CH/FPD/LINE/SIZE=032 OR CH/FPD/LINE/SIZE=040 OR CH/FPD/LINE/SIZE=050 OR CH/FPD/LINE/SIZE=065 OR CH/FPD/LINE/SIZE=080,0,Weld Neck End Flange - Raised Face,Weld Neck End Flange - Raised Face,,,,,,,,,,,
TAW,CH/FPD/END/CONN/TYPE,8,R3,2,TRUE,FALSE,,999999,Slip On Flange - Raised Face,Slip On Flange - Raised Face,,,,,,,,,,,
TAW,CH/FPD/END/CONN/TYPE,8,S1,3,TRUE,FALSE,,999999,Socket Weld Flange - Raised Face,Socket Weld Flange - Raised Face,,,,,,,,,,,
TAW,CH/FPD/END/CONN/TYPE,8,T3,4,TRUE,FALSE,,999999,Threaded Flange - Raised Face,Threaded Flange - Raised Face,,,,,,,,,,,
TAW,CH/FPD/END/CONN/TYPE,8,F2,5,TRUE,FALSE,CH/FPD/LINE/SIZE=015 OR CH/FPD/LINE/SIZE=020 OR CH/FPD/LINE/SIZE=025 OR CH/FPD/LINE/SIZE=032 OR CH/FPD/LINE/SIZE=040 OR CH/FPD/LINE/SIZE=050 OR CH/FPD/LINE/SIZE=065 OR CH/FPD/LINE/SIZE=080,999999,Weld Neck End Flange - Flat Face,Weld Neck End Flange - Flat Face,,,,,,,,,,,
TAW,CH/FPD/END/CONN/TYPE,8,F3,6,TRUE,FALSE,,999999,Slip On Flange - Flat Face,Slip On Flange - Flat Face,,,,,,,,,,,
TAW,CH/FPD/END/CONN/TYPE,8,S2,7,TRUE,FALSE,,999999,Socket Weld Flange - Flat Face,Socket Weld Flange - Flat Face,,,,,,,,,,,
TAW,CH/FPD/END/CONN/TYPE,8,T4,8,TRUE,FALSE,,999999,Threaded Flange - Flat Face,Threaded Flange - Flat Face,,,,,,,,,,,
TAW,CH/FPD/END/CONN/TYPE,8,Z9,9,TRUE,FALSE,,999999,Others,Others,Customer,,,,,,,,,,
TAW,CH/FPD/END/CONN/RAT,9,A1,1,TRUE,FALSE,,0,ASME Class 150,ASME Class 150,,,,,,,,,,,
TAW,CH/FPD/END/CONN/RAT,9,A3,2,TRUE,FALSE,,0,ASME Class 300 (De-rated to 20.6 bar[g] max),ASME Class 300 (De-rated to 20.6 bar[g] max),,,,,,,,,,,
TAW,CH/FPD/END/CONN/RAT,9,D0,3,TRUE,FALSE,,999999,DIN PN 6,DIN PN 6,,,,,,,,,,,
TAW,CH/FPD/END/CONN/RAT,9,D1,4,TRUE,FALSE,,0,DIN PN 10,DIN PN 10,,,,,,,,,,,
TAW,CH/FPD/END/CONN/RAT,9,D2,5,TRUE,FALSE,,0,DIN PN 16,DIN PN 16,,,,,,,,,,,
TAW,CH/FPD/END/CONN/RAT,9,D3,6,TRUE,FALSE,,0,DIN PN 25 (De-rated to 20.6 bar[g] max),DIN PN 25 (De-rated to 20.6 bar[g] max),,,,,,,,,,,
TAW,CH/FPD/END/CONN/RAT,9,Z9,7,TRUE,FALSE,,999999,Others,Others,Customer,,,,,,,,,,
TAW,CH/FPD/TAPPING/TYPE,10,C1,1,TRUE,FALSE,,0,Chemical Tee,Chemical Tee,,,,,,,,,,,
TAW,CH/FPD/TAPPING/SIZE,11,V1,2,TRUE,FALSE,,0,5 in. (Chemical Tee only),5 in. (Chemical Tee only),,,,,,,,,,,
TAW,CH/FPD/TAPPING/RAT,12,C1,1,TRUE,FALSE,,0,Chemical Tee,Chemical Tee,,,,,,,,,,,
TAW,CH/FPD/TAPPING/SETS,13,TN1,1,TRUE,FALSE,,0,One Set,One Set,,,,,,,,,,,
TAW,CH/FPD/ADD/REQ,14,SJ1,1,TRUE,FALSE,,999999,Steam Jacket,Steam Jacket,,,,,,,,,,,
TAW,CH/FPD/ADD/REQ,14,MS1,2,TRUE,FALSE,,0,Material source limitations apply,Material source limitations apply,,,,,,,,,,,
TAW,CH/FPD/PIPE/ORIENT,15,PNH,1,TRUE,FALSE,,0,Horizontal,Horizontal,,,,,,,,,,,
TAW,CH/FPD/PIPE/ORIENT,15,PNV,2,TRUE,FALSE,,0,Vertical,Vertical,,,,,,,,,,,
TAW,CH/FPD/WELD/CODE,16,K1,1,TRUE,FALSE,,999999,ASME B31.3 cyclic service,ASME B31.3 cyclic service,,,,,,,,,,,
TAW,CH/FPD/WELD/CODE,16,K2,2,TRUE,FALSE,,999999,ASME B31.3 category D service,ASME B31.3 category D service,,,,,,,,,,,
TAW,CH/FPD/WELD/CODE,16,K3,3,TRUE,FALSE,,999999,ASME B31.3 category M service,ASME B31.3 category M service,,,,,,,,,,,
TAW,CH/FPD/WELD/CODE,16,K4,4,TRUE,FALSE,,999999,ASME B31.4,ASME B31.4,,,,,,,,,,,
TAW,CH/FPD/WELD/CODE,16,K5,5,TRUE,FALSE,,999999,ASME B31.5,ASME B31.5,,,,,,,,,,,
TAW,CH/FPD/WELD/CODE,16,K6,6,TRUE,FALSE,,999999,PED B3.1 SEP level,PED B3.1 SEP level,,,,,,,,,,,
TAW,CH/FPD/WELD/CODE,16,K7,7,TRUE,FALSE,,999999,PED B3.1 category H,PED B3.1 category H,,,,,,,,,,,
TAW,CH/FPD/WELD/CODE,16,K9,8,TRUE,FALSE,,999999,Others,Others,,,,,,,,,,,
TAW,CH/FPD/SURFACE/TREAT,17,HF1,1,TRUE,FALSE,,0,Primer to ABB Standard (primer only),Primer to ABB Standard (primer only),,,,,,,,,,,
TAW,CH/FPD/SURFACE/TREAT,17,HF2,2,TRUE,FALSE,,0,Painted to ABB Standard (primer and top coat),Painted to ABB Standard (primer and top coat),,,,,,,,,,,
TAW,CH/FPD/SURFACE/TREAT,17,HFZ,3,TRUE,FALSE,,999999,Other (specify in detail),Other (specify in detail),,,,,,,,,,,
TAW,CH/FPD/CERTIFICATION,18,C2,1,TRUE,FALSE,,131,Material Certs acc. EN 10204 3.1,Material Certs acc. EN 10204 3.1,,,,,,,,,,,
TAW,CH/FPD/CERTIFICATION,18,C3,2,TRUE,FALSE,,999999,Material Certs acc. EN 10204 3.2,Material Certs acc. EN 10204 3.2,,,,,,,,,,,
TAW,CH/FPD/CERTIFICATION,18,CN,3,TRUE,FALSE,,22,Material acc. NACE MR0175,Material acc. NACE MR0175,,,,,,,,,,,
TAW,CH/FPD/CERTIFICATION,18,CM,4,TRUE,FALSE,,22,Material acc. NACE MR0103,Material acc. NACE MR0103,,,,,,,,,,,
TAW,CH/FPD/CERTIFICATION,18,C9,5,TRUE,FALSE,,22,Dye Penetrant Inspection,Dye Penetrant Inspection,,,,,,,,,,,
TAW,CH/FPD/CERTIFICATION,18,C8,6,TRUE,FALSE,,22,Radiography,Radiography,,,,,,,,,,,
TAW,CH/FPD/CERTIFICATION,18,CA,7,TRUE,FALSE,,101,Positive Material Identification (Niton XRF),Positive Material Identification (Niton XRF),,,,,,,,,,,
TAW,CH/FPD/CERTIFICATION,18,C6,8,TRUE,FALSE,,101,100% Dimensional Check,100% Dimensional Check,,,,,,,,,,,
TAW,CH/FPD/CERTIFICATION,18,CZ,9,TRUE,FALSE,,999999,Others,Others,,,,,,,,,,,
TAW,CH/FPD/TESTING,19,CH1,1,TRUE,FALSE,,999999,Impact Testing @ -46 °C,Impact Testing @ -46 °C,,,,,,,,,,,
TAW,CH/FPD/TESTING,19,CH2,2,TRUE,FALSE,,999999,Impact Testing @ -196 °C,Impact Testing @ -196 °C,,,,,,,,,,,
TAW,CH/FPD/TESTING,19,CH3,3,TRUE,FALSE,,999999,Hardness Survey,Hardness Survey,,,,,,,,,,,
TAW,CH/FPD/TESTING,19,CH4,4,TRUE,FALSE,,999999,HIC Testing,HIC Testing,,,,,,,,,,,
TAW,CH/FPD/TESTING,19,CH5,5,TRUE,FALSE,,22,Magnetic Particle Inspection,Magnetic Particle Inspection,,,,,,,,,,,
TAW,CH/FPD/TESTING,19,CH6,6,TRUE,FALSE,,999999,Ultrasonic Inspection,Ultrasonic Inspection,,,,,,,,,,,
TAW,CH/FPD/TESTING,19,CH7,7,TRUE,FALSE,,999999,Heat Treatment Trace,Heat Treatment Trace,,,,,,,,,,,
TAW,CH/FPD/TESTING,19,CH8,8,TRUE,FALSE,,22,Pressure Test (internal),Pressure Test (internal),,,,,,,,,,,
TAW,CH/FPD/TESTING,19,CHZ,9,TRUE,FALSE,,999999,Others,Others,,,,,,,,,,,
TAW,CH/FPD/CAL,20,RWZ,1,TRUE,FALSE,,999999,Special Calibration (specify),Special Calibration (specify),,,,,,,,,,,
TAW,CH/FPD/DOC/LANG,21,M1,1,TRUE,FALSE,,999999,German,German,,,,,,,,,,,
TAW,CH/FPD/DOC/LANG,21,M2,2,TRUE,FALSE,,999999,Italian,Italian,,,,,,,,,,,
TAW,CH/FPD/DOC/LANG,21,M3,3,TRUE,FALSE,,999999,Spanish,Spanish,,,,,,,,,,,
TAW,CH/FPD/DOC/LANG,21,M4,4,TRUE,FALSE,,999999,French,French,,,,,,,,,,,
TAW,CH/FPD/DOC/LANG,21,M5,5,TRUE,FALSE,,0,English,English,,,,,,,,,,,
TAW,CH/FPD/DOC/LANG,21,M6,6,TRUE,FALSE,,999999,Chinese,Chinese,,,,,,,,,,,
TAW,CH/FPD/DOC/LANG,21,MZ,7,TRUE,FALSE,,999999,Others,Others,,,,,,,,,,,
